id,phc_id,medicine_id,quantity,reserved_quantity,batch_number,expiry_date
1,1,1,23,0,BATCH-2026-01-001,2027-12-17
2,1,2,7,0,BATCH-2026-02-001,2027-09-24
3,1,3,23,0,BATCH-2026-03-001,2028-01-15
4,1,4,9,0,BATCH-2026-04-001,2028-01-25
5,1,5,137,0,BATCH-2026-05-001,2027-11-23
6,1,6,11,0,BATCH-2026-06-001,2028-08-07
7,1,7,69,0,BATCH-2026-07-001,2027-08-13
8,1,8,28,0,BATCH-2026-08-001,2027-10-23
9,1,9,53,0,BATCH-2026-09-001,2027-03-30
10,1,10,13,0,BATCH-2026-10-001,2027-04-05
11,1,11,9,0,BATCH-2026-11-001,2027-03-30
12,1,12,60,0,BATCH-2026-12-001,2028-05-28
13,1,13,37,0,BATCH-2026-13-001,2027-10-08
14,1,14,14,0,BATCH-2026-14-001,2027-12-18
15,1,15,10,0,BATCH-2026-15-001,2027-10-22
16,1,16,5,0,BATCH-2026-16-001,2027-06-22
17,1,17,5,0,BATCH-2026-17-001,2027-05-17
18,1,18,8,0,BATCH-2026-18-001,2027-05-22
19,1,19,5,0,BATCH-2026-19-001,2028-06-13
20,1,20,7,0,BATCH-2026-20-001,2028-04-05
21,2,1,17,0,BATCH-2026-01-002,2027-04-01
22,2,2,7,0,BATCH-2026-02-002,2027-04-22
23,2,3,17,0,BATCH-2026-03-002,2028-05-20
24,2,4,16,0,BATCH-2026-04-002,2027-12-26
25,2,5,167,0,BATCH-2026-05-002,2028-02-04
26,2,6,22,0,BATCH-2026-06-002,2028-01-01
27,2,7,101,0,BATCH-2026-07-002,2027-06-13
28,2,8,61,0,BATCH-2026-08-002,2027-10-02
29,2,9,35,0,BATCH-2026-09-002,2028-07-04
30,2,10,10,0,BATCH-2026-10-002,2028-03-31
31,2,11,5,0,BATCH-2026-11-002,2027-09-02
32,2,12,48,0,BATCH-2026-12-002,2028-08-07
33,2,13,47,0,BATCH-2026-13-002,2028-06-01
34,2,14,31,0,BATCH-2026-14-002,2028-01-01
35,2,15,21,0,BATCH-2026-15-002,2027-06-05
36,2,16,5,0,BATCH-2026-16-002,2028-05-16
37,2,17,5,0,BATCH-2026-17-002,2027-12-25
38,2,18,7,0,BATCH-2026-18-002,2028-07-11
39,2,19,5,0,BATCH-2026-19-002,2027-06-27
40,2,20,5,0,BATCH-2026-20-002,2027-12-06
41,3,1,30,0,BATCH-2026-01-003,2028-05-25
42,3,2,11,0,BATCH-2026-02-003,2027-03-25
43,3,3,34,0,BATCH-2026-03-003,2027-12-04
44,3,4,14,0,BATCH-2026-04-003,2027-07-28
45,3,5,165,0,BATCH-2026-05-003,2027-05-18
46,3,6,35,0,BATCH-2026-06-003,2028-04-13
47,3,7,95,0,BATCH-2026-07-003,2027-10-24
48,3,8,72,0,BATCH-2026-08-003,2027-05-12
49,3,9,44,0,BATCH-2026-09-003,2028-06-23
50,3,10,18,0,BATCH-2026-10-003,2027-07-26
51,3,11,6,0,BATCH-2026-11-003,2028-05-05
52,3,12,47,0,BATCH-2026-12-003,2027-10-24
53,3,13,50,0,BATCH-2026-13-003,2027-04-20
54,3,14,21,0,BATCH-2026-14-003,2027-08-09
55,3,15,13,0,BATCH-2026-15-003,2028-02-26
56,3,16,5,0,BATCH-2026-16-003,2027-04-15
57,3,17,5,0,BATCH-2026-17-003,2027-09-30
58,3,18,11,0,BATCH-2026-18-003,2028-03-02
59,3,19,5,0,BATCH-2026-19-003,2027-07-19
60,3,20,9,0,BATCH-2026-20-003,2027-04-02
61,4,1,33,0,BATCH-2026-01-004,2028-08-16
62,4,2,17,0,BATCH-2026-02-004,2027-12-01
63,4,3,55,0,BATCH-2026-03-004,2027-10-11
64,4,4,28,0,BATCH-2026-04-004,2028-02-28
65,4,5,136,0,BATCH-2026-05-004,2027-08-31
66,4,6,24,0,BATCH-2026-06-004,2027-06-04
67,4,7,113,0,BATCH-2026-07-004,2027-05-30
68,4,8,135,0,BATCH-2026-08-004,2027-09-15
69,4,9,80,0,BATCH-2026-09-004,2027-11-26
70,4,10,26,0,BATCH-2026-10-004,2027-09-25
71,4,11,9,0,BATCH-2026-11-004,2027-05-07
72,4,12,105,0,BATCH-2026-12-004,2027-05-10
73,4,13,67,0,BATCH-2026-13-004,2027-06-30
74,4,14,34,0,BATCH-2026-14-004,2027-12-25
75,4,15,32,0,BATCH-2026-15-004,2027-11-19
76,4,16,5,0,BATCH-2026-16-004,2027-11-20
77,4,17,5,0,BATCH-2026-17-004,2027-09-18
78,4,18,9,0,BATCH-2026-18-004,2028-07-14
79,4,19,5,0,BATCH-2026-19-004,2027-03-21
80,4,20,13,0,BATCH-2026-20-004,2027-08-19
81,5,1,28,0,BATCH-2026-01-005,2028-03-09
82,5,2,9,0,BATCH-2026-02-005,2027-04-09
83,5,3,42,0,BATCH-2026-03-005,2027-11-22
84,5,4,10,0,BATCH-2026-04-005,2028-02-26
85,5,5,160,0,BATCH-2026-05-005,2028-01-07
86,5,6,22,0,BATCH-2026-06-005,2027-03-28
87,5,7,139,0,BATCH-2026-07-005,2028-05-25
88,5,8,57,0,BATCH-2026-08-005,2027-11-09
89,5,9,54,0,BATCH-2026-09-005,2028-02-26
90,5,10,11,0,BATCH-2026-10-005,2027-08-22
91,5,11,8,0,BATCH-2026-11-005,2028-05-11
92,5,12,64,0,BATCH-2026-12-005,2027-08-07
93,5,13,68,0,BATCH-2026-13-005,2027-09-09
94,5,14,31,0,BATCH-2026-14-005,2027-07-25
95,5,15,38,0,BATCH-2026-15-005,2028-01-20
96,5,16,5,0,BATCH-2026-16-005,2028-01-11
97,5,17,6,0,BATCH-2026-17-005,2028-01-18
98,5,18,11,0,BATCH-2026-18-005,2028-04-03
99,5,19,5,0,BATCH-2026-19-005,2028-04-12
100,5,20,8,0,BATCH-2026-20-005,2027-03-24
101,6,1,28,0,BATCH-2026-01-006,2027-04-24
102,6,2,18,0,BATCH-2026-02-006,2027-08-20
103,6,3,51,0,BATCH-2026-03-006,2027-09-01
104,6,4,27,0,BATCH-2026-04-006,2028-01-12
105,6,5,195,0,BATCH-2026-05-006,2027-05-24
106,6,6,43,0,BATCH-2026-06-006,2028-01-20
107,6,7,89,0,BATCH-2026-07-006,2027-04-22
108,6,8,69,0,BATCH-2026-08-006,2028-04-10
109,6,9,93,0,BATCH-2026-09-006,2028-08-07
110,6,10,21,0,BATCH-2026-10-006,2028-05-14
111,6,11,10,0,BATCH-2026-11-006,2028-05-19
112,6,12,104,0,BATCH-2026-12-006,2027-10-22
113,6,13,73,0,BATCH-2026-13-006,2027-10-26
114,6,14,32,0,BATCH-2026-14-006,2027-04-23
115,6,15,27,0,BATCH-2026-15-006,2027-10-03
116,6,16,5,0,BATCH-2026-16-006,2027-10-07
117,6,17,6,0,BATCH-2026-17-006,2028-05-14
118,6,18,12,0,BATCH-2026-18-006,2028-06-12
119,6,19,5,0,BATCH-2026-19-006,2027-11-19
120,6,20,6,0,BATCH-2026-20-006,2028-04-15
121,7,1,35,0,BATCH-2026-01-007,2027-08-20
122,7,2,15,0,BATCH-2026-02-007,2028-04-13
123,7,3,35,0,BATCH-2026-03-007,2027-05-12
124,7,4,29,0,BATCH-2026-04-007,2028-07-03
125,7,5,317,0,BATCH-2026-05-007,2028-07-20
126,7,6,32,0,BATCH-2026-06-007,2028-06-22
127,7,7,96,0,BATCH-2026-07-007,2028-04-15
128,7,8,106,0,BATCH-2026-08-007,2028-04-09
129,7,9,108,0,BATCH-2026-09-007,2027-10-12
130,7,10,24,0,BATCH-2026-10-007,2028-05-06
131,7,11,15,0,BATCH-2026-11-007,2027-06-24
132,7,12,48,0,BATCH-2026-12-007,2027-10-28
133,7,13,69,0,BATCH-2026-13-007,2027-05-25
134,7,14,58,0,BATCH-2026-14-007,2028-03-30
135,7,15,57,0,BATCH-2026-15-007,2028-02-20
136,7,16,5,0,BATCH-2026-16-007,2028-07-02
137,7,17,5,0,BATCH-2026-17-007,2028-02-23
138,7,18,9,0,BATCH-2026-18-007,2028-05-27
139,7,19,5,0,BATCH-2026-19-007,2027-03-29
140,7,20,14,0,BATCH-2026-20-007,2027-10-22
141,8,1,30,0,BATCH-2026-01-008,2027-09-11
142,8,2,11,0,BATCH-2026-02-008,2028-03-11
143,8,3,53,0,BATCH-2026-03-008,2028-01-13
144,8,4,11,0,BATCH-2026-04-008,2027-04-01
145,8,5,124,0,BATCH-2026-05-008,2028-03-03
146,8,6,17,0,BATCH-2026-06-008,2028-06-21
147,8,7,68,0,BATCH-2026-07-008,2027-08-09
148,8,8,44,0,BATCH-2026-08-008,2028-07-26
149,8,9,73,0,BATCH-2026-09-008,2027-06-27
150,8,10,23,0,BATCH-2026-10-008,2028-04-14
151,8,11,9,0,BATCH-2026-11-008,2028-06-08
152,8,12,64,0,BATCH-2026-12-008,2028-07-04
153,8,13,55,0,BATCH-2026-13-008,2028-04-22
154,8,14,34,0,BATCH-2026-14-008,2027-11-11
155,8,15,37,0,BATCH-2026-15-008,2027-08-25
156,8,16,5,0,BATCH-2026-16-008,2027-03-31
157,8,17,7,0,BATCH-2026-17-008,2028-07-22
158,8,18,7,0,BATCH-2026-18-008,2027-12-06
159,8,19,5,0,BATCH-2026-19-008,2027-11-21
160,8,20,6,0,BATCH-2026-20-008,2028-04-12
161,9,1,27,0,BATCH-2026-01-009,2028-04-04
162,9,2,15,0,BATCH-2026-02-009,2027-12-28
163,9,3,27,0,BATCH-2026-03-009,2028-05-27
164,9,4,13,0,BATCH-2026-04-009,2028-03-09
165,9,5,135,0,BATCH-2026-05-009,2027-07-16
166,9,6,28,0,BATCH-2026-06-009,2027-05-08
167,9,7,112,0,BATCH-2026-07-009,2027-10-10
168,9,8,76,0,BATCH-2026-08-009,2028-04-08
169,9,9,44,0,BATCH-2026-09-009,2027-07-08
170,9,10,10,0,BATCH-2026-10-009,2028-05-23
171,9,11,10,0,BATCH-2026-11-009,2027-11-17
172,9,12,48,0,BATCH-2026-12-009,2027-12-22
173,9,13,58,0,BATCH-2026-13-009,2027-08-17
174,9,14,37,0,BATCH-2026-14-009,2028-02-08
175,9,15,28,0,BATCH-2026-15-009,2028-05-10
176,9,16,5,0,BATCH-2026-16-009,2028-07-01
177,9,17,5,0,BATCH-2026-17-009,2028-08-04
178,9,18,5,0,BATCH-2026-18-009,2028-05-06
179,9,19,5,0,BATCH-2026-19-009,2028-05-07
180,9,20,10,0,BATCH-2026-20-009,2028-07-30
181,10,1,16,0,BATCH-2026-01-010,2027-08-20
182,10,2,13,0,BATCH-2026-02-010,2028-07-13
183,10,3,22,0,BATCH-2026-03-010,2027-03-18
184,10,4,17,0,BATCH-2026-04-010,2027-12-30
185,10,5,66,0,BATCH-2026-05-010,2027-12-03
186,10,6,21,0,BATCH-2026-06-010,2028-01-17
187,10,7,44,0,BATCH-2026-07-010,2028-02-27
188,10,8,36,0,BATCH-2026-08-010,2028-08-05
189,10,9,28,0,BATCH-2026-09-010,2028-02-14
190,10,10,9,0,BATCH-2026-10-010,2027-05-08
191,10,11,6,0,BATCH-2026-11-010,2028-05-19
192,10,12,28,0,BATCH-2026-12-010,2027-12-25
193,10,13,34,0,BATCH-2026-13-010,2027-11-12
194,10,14,13,0,BATCH-2026-14-010,2027-06-18
195,10,15,24,0,BATCH-2026-15-010,2028-03-06
196,10,16,5,0,BATCH-2026-16-010,2028-07-29
197,10,17,5,0,BATCH-2026-17-010,2027-06-07
198,10,18,6,0,BATCH-2026-18-010,2027-10-21
199,10,19,5,0,BATCH-2026-19-010,2027-06-30
200,10,20,9,0,BATCH-2026-20-010,2027-10-06
201,11,1,18,0,BATCH-2026-01-011,2028-07-16
202,11,2,9,0,BATCH-2026-02-011,2027-07-11
203,11,3,24,0,BATCH-2026-03-011,2027-09-13
204,11,4,11,0,BATCH-2026-04-011,2027-12-23
205,11,5,75,0,BATCH-2026-05-011,2027-08-22
206,11,6,31,0,BATCH-2026-06-011,2028-05-21
207,11,7,100,0,BATCH-2026-07-011,2027-05-04
208,11,8,37,0,BATCH-2026-08-011,2028-06-02
209,11,9,38,0,BATCH-2026-09-011,2028-06-13
210,11,10,7,0,BATCH-2026-10-011,2028-06-19
211,11,11,8,0,BATCH-2026-11-011,2027-10-07
212,11,12,74,0,BATCH-2026-12-011,2028-03-14
213,11,13,26,0,BATCH-2026-13-011,2028-08-01
214,11,14,37,0,BATCH-2026-14-011,2027-05-14
215,11,15,20,0,BATCH-2026-15-011,2028-01-07
216,11,16,5,0,BATCH-2026-16-011,2027-05-04
217,11,17,6,0,BATCH-2026-17-011,2027-08-15
218,11,18,12,0,BATCH-2026-18-011,2028-01-04
219,11,19,5,0,BATCH-2026-19-011,2028-01-18
220,11,20,9,0,BATCH-2026-20-011,2027-07-12
221,12,1,30,0,BATCH-2026-01-012,2028-06-22
222,12,2,9,0,BATCH-2026-02-012,2027-09-06
223,12,3,38,0,BATCH-2026-03-012,2028-07-04
224,12,4,22,0,BATCH-2026-04-012,2028-05-08
225,12,5,83,0,BATCH-2026-05-012,2027-06-21
226,12,6,32,0,BATCH-2026-06-012,2028-07-22
227,12,7,118,0,BATCH-2026-07-012,2027-06-09
228,12,8,84,0,BATCH-2026-08-012,2028-02-19
229,12,9,45,0,BATCH-2026-09-012,2028-04-19
230,12,10,15,0,BATCH-2026-10-012,2027-07-28
231,12,11,6,0,BATCH-2026-11-012,2028-02-07
232,12,12,72,0,BATCH-2026-12-012,2027-06-17
233,12,13,49,0,BATCH-2026-13-012,2027-11-21
234,12,14,40,0,BATCH-2026-14-012,2027-05-23
235,12,15,25,0,BATCH-2026-15-012,2027-09-08
236,12,16,5,0,BATCH-2026-16-012,2027-10-18
237,12,17,5,0,BATCH-2026-17-012,2027-06-02
238,12,18,10,0,BATCH-2026-18-012,2027-05-03
239,12,19,5,0,BATCH-2026-19-012,2028-08-04
240,12,20,8,0,BATCH-2026-20-012,2027-10-16
241,13,1,16,0,BATCH-2026-01-013,2027-04-23
242,13,2,5,0,BATCH-2026-02-013,2028-07-07
243,13,3,11,0,BATCH-2026-03-013,2028-05-22
244,13,4,16,0,BATCH-2026-04-013,2027-07-05
245,13,5,104,0,BATCH-2026-05-013,2027-04-29
246,13,6,20,0,BATCH-2026-06-013,2027-10-01
247,13,7,81,0,BATCH-2026-07-013,2028-04-27
248,13,8,55,0,BATCH-2026-08-013,2027-06-02
249,13,9,38,0,BATCH-2026-09-013,2027-06-27
250,13,10,7,0,BATCH-2026-10-013,2027-03-21
251,13,11,5,0,BATCH-2026-11-013,2027-04-05
252,13,12,31,0,BATCH-2026-12-013,2027-11-27
253,13,13,25,0,BATCH-2026-13-013,2027-05-06
254,13,14,14,0,BATCH-2026-14-013,2027-06-30
255,13,15,13,0,BATCH-2026-15-013,2027-10-21
256,13,16,5,0,BATCH-2026-16-013,2028-02-13
257,13,17,5,0,BATCH-2026-17-013,2028-05-17
258,13,18,6,0,BATCH-2026-18-013,2027-06-28
259,13,19,5,0,BATCH-2026-19-013,2028-04-04
260,13,20,5,0,BATCH-2026-20-013,2028-02-16
261,14,1,23,0,BATCH-2026-01-014,2028-02-19
262,14,2,7,0,BATCH-2026-02-014,2028-01-21
263,14,3,22,0,BATCH-2026-03-014,2028-03-02
264,14,4,9,0,BATCH-2026-04-014,2027-08-19
265,14,5,143,0,BATCH-2026-05-014,2027-09-13
266,14,6,32,0,BATCH-2026-06-014,2028-08-02
267,14,7,56,0,BATCH-2026-07-014,2028-08-10
268,14,8,37,0,BATCH-2026-08-014,2028-03-02
269,14,9,54,0,BATCH-2026-09-014,2027-08-22
270,14,10,12,0,BATCH-2026-10-014,2027-08-13
271,14,11,7,0,BATCH-2026-11-014,2028-03-24
272,14,12,59,0,BATCH-2026-12-014,2028-03-14
273,14,13,32,0,BATCH-2026-13-014,2028-05-27
274,14,14,28,0,BATCH-2026-14-014,2027-12-08
275,14,15,18,0,BATCH-2026-15-014,2027-11-30
276,14,16,5,0,BATCH-2026-16-014,2028-02-02
277,14,17,5,0,BATCH-2026-17-014,2028-04-28
278,14,18,5,0,BATCH-2026-18-014,2027-10-10
279,14,19,5,0,BATCH-2026-19-014,2028-05-06
280,14,20,6,0,BATCH-2026-20-014,2027-05-01
281,15,1,22,0,BATCH-2026-01-015,2028-05-28
282,15,2,12,0,BATCH-2026-02-015,2028-06-23
283,15,3,28,0,BATCH-2026-03-015,2027-07-31
284,15,4,10,0,BATCH-2026-04-015,2027-06-29
285,15,5,100,0,BATCH-2026-05-015,2028-03-19
286,15,6,14,0,BATCH-2026-06-015,2028-06-07
287,15,7,51,0,BATCH-2026-07-015,2028-01-20
288,15,8,62,0,BATCH-2026-08-015,2027-06-07
289,15,9,49,0,BATCH-2026-09-015,2027-05-31
290,15,10,7,0,BATCH-2026-10-015,2028-03-31
291,15,11,7,0,BATCH-2026-11-015,2028-06-21
292,15,12,35,0,BATCH-2026-12-015,2027-09-23
293,15,13,46,0,BATCH-2026-13-015,2027-12-01
294,15,14,22,0,BATCH-2026-14-015,2027-12-22
295,15,15,10,0,BATCH-2026-15-015,2028-03-01
296,15,16,5,0,BATCH-2026-16-015,2027-03-17
297,15,17,5,0,BATCH-2026-17-015,2027-07-12
298,15,18,7,0,BATCH-2026-18-015,2028-02-22
299,15,19,5,0,BATCH-2026-19-015,2028-07-27
300,15,20,5,0,BATCH-2026-20-015,2027-04-17
301,16,1,432,21,BATCH-2026-01-016,2027-12-31
302,16,2,319,15,BATCH-2026-02-016,2027-08-03
303,16,3,651,32,BATCH-2026-03-016,2028-03-20
304,16,4,353,17,BATCH-2026-04-016,2027-06-06
305,16,5,3581,179,BATCH-2026-05-016,2027-09-21
306,16,6,424,21,BATCH-2026-06-016,2028-06-10
307,16,7,2498,124,BATCH-2026-07-016,2028-02-07
308,16,8,1184,59,BATCH-2026-08-016,2028-02-28
309,16,9,1369,68,BATCH-2026-09-016,2028-07-03
310,16,10,283,14,BATCH-2026-10-016,2027-11-23
311,16,11,139,6,BATCH-2026-11-016,2027-05-18
312,16,12,1044,52,BATCH-2026-12-016,2027-05-16
313,16,13,1025,51,BATCH-2026-13-016,2027-05-05
314,16,14,758,37,BATCH-2026-14-016,2028-07-30
315,16,15,664,33,BATCH-2026-15-016,2027-12-07
316,16,16,62,3,BATCH-2026-16-016,2027-05-31
317,16,17,100,5,BATCH-2026-17-016,2027-07-23
318,16,18,199,9,BATCH-2026-18-016,2028-08-03
319,16,19,79,3,BATCH-2026-19-016,2028-04-13
320,16,20,138,6,BATCH-2026-20-016,2028-05-07
321,17,1,558,27,BATCH-2026-01-017,2027-06-26
322,17,2,294,14,BATCH-2026-02-017,2028-06-30
323,17,3,658,32,BATCH-2026-03-017,2027-09-26
324,17,4,301,15,BATCH-2026-04-017,2027-07-10
325,17,5,4258,212,BATCH-2026-05-017,2027-07-29
326,17,6,380,19,BATCH-2026-06-017,2027-06-10
327,17,7,2319,115,BATCH-2026-07-017,2027-06-30
328,17,8,1454,72,BATCH-2026-08-017,2027-09-01
329,17,9,1222,61,BATCH-2026-09-017,2027-09-29
330,17,10,351,17,BATCH-2026-10-017,2027-05-05
331,17,11,210,10,BATCH-2026-11-017,2027-11-16
332,17,12,1297,64,BATCH-2026-12-017,2027-05-30
333,17,13,1382,69,BATCH-2026-13-017,2028-05-13
334,17,14,807,40,BATCH-2026-14-017,2027-10-18
335,17,15,660,33,BATCH-2026-15-017,2027-04-30
336,17,16,80,4,BATCH-2026-16-017,2028-02-07
337,17,17,86,4,BATCH-2026-17-017,2027-11-19
338,17,18,162,8,BATCH-2026-18-017,2027-11-22
339,17,19,73,3,BATCH-2026-19-017,2028-02-10
340,17,20,185,9,BATCH-2026-20-017,2027-05-19
341,18,1,297,14,BATCH-2026-01-018,2027-09-24
342,18,2,202,10,BATCH-2026-02-018,2028-02-27
343,18,3,481,24,BATCH-2026-03-018,2027-06-17
344,18,4,275,13,BATCH-2026-04-018,2028-03-16
345,18,5,3112,155,BATCH-2026-05-018,2027-12-15
346,18,6,439,21,BATCH-2026-06-018,2028-03-09
347,18,7,1277,63,BATCH-2026-07-018,2028-01-06
348,18,8,1392,69,BATCH-2026-08-018,2027-07-20
349,18,9,1101,55,BATCH-2026-09-018,2027-11-29
350,18,10,231,11,BATCH-2026-10-018,2028-04-30
351,18,11,132,6,BATCH-2026-11-018,2027-03-22
352,18,12,908,45,BATCH-2026-12-018,2027-09-21
353,18,13,744,37,BATCH-2026-13-018,2027-08-07
354,18,14,612,30,BATCH-2026-14-018,2028-08-09
355,18,15,383,19,BATCH-2026-15-018,2028-06-18
356,18,16,37,1,BATCH-2026-16-018,2027-07-19
357,18,17,87,4,BATCH-2026-17-018,2027-06-25
358,18,18,148,7,BATCH-2026-18-018,2027-07-18
359,18,19,64,3,BATCH-2026-19-018,2027-06-28
360,18,20,165,8,BATCH-2026-20-018,2028-03-22
361,19,1,367,18,BATCH-2026-01-019,2027-06-21
362,19,2,231,11,BATCH-2026-02-019,2027-08-05
363,19,3,433,21,BATCH-2026-03-019,2028-04-05
364,19,4,306,15,BATCH-2026-04-019,2027-05-16
365,19,5,2629,131,BATCH-2026-05-019,2027-09-04
366,19,6,323,16,BATCH-2026-06-019,2027-03-29
367,19,7,1709,85,BATCH-2026-07-019,2027-07-13
368,19,8,908,45,BATCH-2026-08-019,2027-08-12
369,19,9,847,42,BATCH-2026-09-019,2028-07-09
370,19,10,249,12,BATCH-2026-10-019,2028-03-08
371,19,11,99,4,BATCH-2026-11-019,2028-07-14
372,19,12,892,44,BATCH-2026-12-019,2028-04-30
373,19,13,863,43,BATCH-2026-13-019,2028-05-07
374,19,14,469,23,BATCH-2026-14-019,2027-09-01
375,19,15,383,19,BATCH-2026-15-019,2027-11-22
376,19,16,47,2,BATCH-2026-16-019,2028-06-14
377,19,17,68,3,BATCH-2026-17-019,2028-04-16
378,19,18,124,6,BATCH-2026-18-019,2027-06-20
379,19,19,36,1,BATCH-2026-19-019,2027-05-06
380,19,20,138,6,BATCH-2026-20-019,2028-04-12
381,20,1,285,14,BATCH-2026-01-020,2027-08-05
382,20,2,113,5,BATCH-2026-02-020,2027-12-11
383,20,3,349,17,BATCH-2026-03-020,2027-04-15
384,20,4,199,9,BATCH-2026-04-020,2027-08-30
385,20,5,1461,73,BATCH-2026-05-020,2028-07-24
386,20,6,172,8,BATCH-2026-06-020,2027-05-08
387,20,7,1055,52,BATCH-2026-07-020,2027-07-31
388,20,8,761,38,BATCH-2026-08-020,2027-10-08
389,20,9,741,37,BATCH-2026-09-020,2028-02-08
390,20,10,160,8,BATCH-2026-10-020,2027-07-03
391,20,11,89,4,BATCH-2026-11-020,2027-09-04
392,20,12,717,35,BATCH-2026-12-020,2028-08-15
393,20,13,572,28,BATCH-2026-13-020,2027-04-03
394,20,14,310,15,BATCH-2026-14-020,2027-05-24
395,20,15,202,10,BATCH-2026-15-020,2027-07-11
396,20,16,49,2,BATCH-2026-16-020,2027-04-03
397,20,17,56,2,BATCH-2026-17-020,2028-03-14
398,20,18,62,3,BATCH-2026-18-020,2028-04-04
399,20,19,34,1,BATCH-2026-19-020,2027-07-23
400,20,20,53,2,BATCH-2026-20-020,2027-10-10
401,21,1,208,10,BATCH-2026-01-021,2027-04-07
402,21,2,131,6,BATCH-2026-02-021,2028-02-07
403,21,3,297,14,BATCH-2026-03-021,2028-03-12
404,21,4,270,13,BATCH-2026-04-021,2028-01-19
405,21,5,1982,99,BATCH-2026-05-021,2027-08-03
406,21,6,375,18,BATCH-2026-06-021,2028-02-15
407,21,7,1033,51,BATCH-2026-07-021,2028-07-26
408,21,8,953,47,BATCH-2026-08-021,2027-07-02
409,21,9,699,34,BATCH-2026-09-021,2027-03-25
410,21,10,129,6,BATCH-2026-10-021,2027-04-21
411,21,11,63,3,BATCH-2026-11-021,2027-07-19
412,21,12,805,40,BATCH-2026-12-021,2027-04-23
413,21,13,570,28,BATCH-2026-13-021,2027-10-03
414,21,14,305,15,BATCH-2026-14-021,2027-05-09
415,21,15,343,17,BATCH-2026-15-021,2028-03-14
416,21,16,39,1,BATCH-2026-16-021,2027-11-08
417,21,17,53,2,BATCH-2026-17-021,2027-10-14
418,21,18,112,5,BATCH-2026-18-021,2028-08-06
419,21,19,38,1,BATCH-2026-19-021,2027-06-27
420,21,20,76,3,BATCH-2026-20-021,2028-06-22
421,22,1,388,19,BATCH-2026-01-022,2027-05-25
422,22,2,204,10,BATCH-2026-02-022,2028-05-21
423,22,3,493,24,BATCH-2026-03-022,2028-06-18
424,22,4,319,15,BATCH-2026-04-022,2027-06-30
425,22,5,2143,107,BATCH-2026-05-022,2027-12-01
426,22,6,421,21,BATCH-2026-06-022,2028-01-17
427,22,7,1803,90,BATCH-2026-07-022,2027-09-11
428,22,8,1579,78,BATCH-2026-08-022,2028-07-23
429,22,9,1269,63,BATCH-2026-09-022,2028-04-05
430,22,10,321,16,BATCH-2026-10-022,2028-02-15
431,22,11,152,7,BATCH-2026-11-022,2027-04-05
432,22,12,1441,72,BATCH-2026-12-022,2027-03-26
433,22,13,819,40,BATCH-2026-13-022,2028-01-14
434,22,14,733,36,BATCH-2026-14-022,2028-06-16
435,22,15,496,24,BATCH-2026-15-022,2027-09-22
436,22,16,72,3,BATCH-2026-16-022,2027-03-27
437,22,17,74,3,BATCH-2026-17-022,2027-09-15
438,22,18,218,10,BATCH-2026-18-022,2028-07-09
439,22,19,39,1,BATCH-2026-19-022,2028-07-23
440,22,20,173,8,BATCH-2026-20-022,2027-06-23
441,23,1,273,13,BATCH-2026-01-023,2028-01-22
442,23,2,133,6,BATCH-2026-02-023,2028-01-31
443,23,3,298,14,BATCH-2026-03-023,2027-08-06
444,23,4,210,10,BATCH-2026-04-023,2028-05-02
445,23,5,1608,80,BATCH-2026-05-023,2027-03-29
446,23,6,312,15,BATCH-2026-06-023,2027-06-04
447,23,7,1522,76,BATCH-2026-07-023,2027-05-04
448,23,8,805,40,BATCH-2026-08-023,2027-05-23
449,23,9,683,34,BATCH-2026-09-023,2027-09-09
450,23,10,169,8,BATCH-2026-10-023,2027-07-05
451,23,11,79,3,BATCH-2026-11-023,2027-09-12
452,23,12,665,33,BATCH-2026-12-023,2027-09-21
453,23,13,770,38,BATCH-2026-13-023,2028-02-03
454,23,14,557,27,BATCH-2026-14-023,2028-07-08
455,23,15,243,12,BATCH-2026-15-023,2028-06-27
456,23,16,42,2,BATCH-2026-16-023,2027-04-21
457,23,17,45,2,BATCH-2026-17-023,2028-02-04
458,23,18,109,5,BATCH-2026-18-023,2028-05-06
459,23,19,41,2,BATCH-2026-19-023,2027-10-18
460,23,20,102,5,BATCH-2026-20-023,2027-10-17
461,24,1,530,26,BATCH-2026-01-024,2027-05-09
462,24,2,205,10,BATCH-2026-02-024,2027-08-07
463,24,3,505,25,BATCH-2026-03-024,2027-06-11
464,24,4,333,16,BATCH-2026-04-024,2027-06-22
465,24,5,2463,123,BATCH-2026-05-024,2027-10-12
466,24,6,615,30,BATCH-2026-06-024,2028-06-15
467,24,7,2813,140,BATCH-2026-07-024,2027-08-28
468,24,8,1509,75,BATCH-2026-08-024,2027-08-03
469,24,9,1309,65,BATCH-2026-09-024,2028-01-29
470,24,10,329,16,BATCH-2026-10-024,2028-08-01
471,24,11,128,6,BATCH-2026-11-024,2027-09-09
472,24,12,1496,74,BATCH-2026-12-024,2027-05-07
473,24,13,1333,66,BATCH-2026-13-024,2027-05-31
474,24,14,631,31,BATCH-2026-14-024,2028-02-09
475,24,15,721,36,BATCH-2026-15-024,2027-07-12
476,24,16,63,3,BATCH-2026-16-024,2027-04-30
477,24,17,73,3,BATCH-2026-17-024,2027-05-02
478,24,18,196,9,BATCH-2026-18-024,2028-04-13
479,24,19,59,2,BATCH-2026-19-024,2028-07-10
480,24,20,125,6,BATCH-2026-20-024,2027-10-08
481,25,1,261,13,BATCH-2026-01-025,2027-10-26
482,25,2,157,7,BATCH-2026-02-025,2028-04-25
483,25,3,373,18,BATCH-2026-03-025,2027-10-20
484,25,4,184,9,BATCH-2026-04-025,2028-03-19
485,25,5,1384,69,BATCH-2026-05-025,2028-06-24
486,25,6,311,15,BATCH-2026-06-025,2027-05-29
487,25,7,1300,65,BATCH-2026-07-025,2028-07-04
488,25,8,899,44,BATCH-2026-08-025,2028-05-28
489,25,9,759,37,BATCH-2026-09-025,2027-08-13
490,25,10,205,10,BATCH-2026-10-025,2028-01-05
491,25,11,112,5,BATCH-2026-11-025,2028-06-21
492,25,12,1002,50,BATCH-2026-12-025,2028-03-22
493,25,13,841,42,BATCH-2026-13-025,2028-03-06
494,25,14,337,16,BATCH-2026-14-025,2027-10-22
495,25,15,396,19,BATCH-2026-15-025,2027-11-19
496,25,16,52,2,BATCH-2026-16-025,2028-01-27
497,25,17,69,3,BATCH-2026-17-025,2028-02-13
498,25,18,138,6,BATCH-2026-18-025,2028-06-28
499,25,19,36,1,BATCH-2026-19-025,2027-05-06
500,25,20,87,4,BATCH-2026-20-025,2027-05-26
501,26,1,226,0,BATCH-2026-01-026,2028-08-09
502,26,2,79,0,BATCH-2026-02-026,2028-07-11
503,26,3,201,0,BATCH-2026-03-026,2027-04-23
504,26,4,95,0,BATCH-2026-04-026,2027-10-17
505,26,5,1149,0,BATCH-2026-05-026,2027-11-07
506,26,6,140,0,BATCH-2026-06-026,2028-01-13
507,26,7,559,0,BATCH-2026-07-026,2027-07-18
508,26,8,543,0,BATCH-2026-08-026,2027-08-26
509,26,9,427,0,BATCH-2026-09-026,2028-07-18
510,26,10,156,0,BATCH-2026-10-026,2028-05-21
511,26,11,69,0,BATCH-2026-11-026,2027-03-28
512,26,12,465,0,BATCH-2026-12-026,2027-07-11
513,26,13,326,0,BATCH-2026-13-026,2028-03-31
514,26,14,274,0,BATCH-2026-14-026,2027-03-15
515,26,15,158,0,BATCH-2026-15-026,2027-08-18
516,26,16,31,0,BATCH-2026-16-026,2027-04-11
517,26,17,26,0,BATCH-2026-17-026,2027-04-27
518,26,18,64,0,BATCH-2026-18-026,2027-09-30
519,26,19,24,0,BATCH-2026-19-026,2028-03-05
520,26,20,47,0,BATCH-2026-20-026,2028-05-12
521,27,1,128,0,BATCH-2026-01-027,2028-08-08
522,27,2,84,0,BATCH-2026-02-027,2028-07-08
523,27,3,159,0,BATCH-2026-03-027,2027-05-12
524,27,4,108,0,BATCH-2026-04-027,2028-02-03
525,27,5,793,0,BATCH-2026-05-027,2027-08-12
526,27,6,168,0,BATCH-2026-06-027,2028-01-19
527,27,7,672,0,BATCH-2026-07-027,2028-08-13
528,27,8,433,0,BATCH-2026-08-027,2027-08-15
529,27,9,263,0,BATCH-2026-09-027,2027-04-29
530,27,10,85,0,BATCH-2026-10-027,2028-05-17
531,27,11,37,0,BATCH-2026-11-027,2028-04-07
532,27,12,396,0,BATCH-2026-12-027,2028-04-28
533,27,13,274,0,BATCH-2026-13-027,2027-05-13
534,27,14,197,0,BATCH-2026-14-027,2027-06-26
535,27,15,140,0,BATCH-2026-15-027,2028-05-27
536,27,16,21,0,BATCH-2026-16-027,2027-08-10
537,27,17,22,0,BATCH-2026-17-027,2028-03-04
538,27,18,37,0,BATCH-2026-18-027,2028-01-15
539,27,19,21,0,BATCH-2026-19-027,2027-07-12
540,27,20,45,0,BATCH-2026-20-027,2027-10-30
541,28,1,70,0,BATCH-2026-01-028,2027-06-17
542,28,2,43,0,BATCH-2026-02-028,2027-09-23
543,28,3,101,0,BATCH-2026-03-028,2027-07-26
544,28,4,92,0,BATCH-2026-04-028,2028-03-11
545,28,5,733,0,BATCH-2026-05-028,2027-07-24
546,28,6,102,0,BATCH-2026-06-028,2027-04-05
547,28,7,441,0,BATCH-2026-07-028,2028-06-04
548,28,8,340,0,BATCH-2026-08-028,2027-08-01
549,28,9,256,0,BATCH-2026-09-028,2027-11-24
550,28,10,75,0,BATCH-2026-10-028,2027-08-14
551,28,11,39,0,BATCH-2026-11-028,2027-03-20
552,28,12,365,0,BATCH-2026-12-028,2028-04-25
553,28,13,213,0,BATCH-2026-13-028,2027-10-22
554,28,14,193,0,BATCH-2026-14-028,2028-08-12
555,28,15,132,0,BATCH-2026-15-028,2028-05-18
556,28,16,17,0,BATCH-2026-16-028,2028-03-15
557,28,17,17,0,BATCH-2026-17-028,2028-02-01
558,28,18,33,0,BATCH-2026-18-028,2028-03-08
559,28,19,16,0,BATCH-2026-19-028,2027-07-30
560,28,20,46,0,BATCH-2026-20-028,2027-07-13
561,29,1,186,0,BATCH-2026-01-029,2028-05-13
562,29,2,74,0,BATCH-2026-02-029,2027-11-24
563,29,3,236,0,BATCH-2026-03-029,2027-04-19
564,29,4,151,0,BATCH-2026-04-029,2027-09-03
565,29,5,1297,0,BATCH-2026-05-029,2027-10-25
566,29,6,221,0,BATCH-2026-06-029,2027-06-30
567,29,7,758,0,BATCH-2026-07-029,2027-10-30
568,29,8,538,0,BATCH-2026-08-029,2027-12-08
569,29,9,436,0,BATCH-2026-09-029,2027-11-03
570,29,10,96,0,BATCH-2026-10-029,2028-08-05
571,29,11,68,0,BATCH-2026-11-029,2027-11-14
572,29,12,582,0,BATCH-2026-12-029,2027-10-01
573,29,13,373,0,BATCH-2026-13-029,2027-12-10
574,29,14,193,0,BATCH-2026-14-029,2028-08-05
575,29,15,167,0,BATCH-2026-15-029,2028-04-14
576,29,16,21,0,BATCH-2026-16-029,2028-02-28
577,29,17,35,0,BATCH-2026-17-029,2028-06-14
578,29,18,62,0,BATCH-2026-18-029,2027-03-15
579,29,19,16,0,BATCH-2026-19-029,2028-06-10
580,29,20,58,0,BATCH-2026-20-029,2028-02-09
581,30,1,144,0,BATCH-2026-01-030,2027-08-28
582,30,2,67,0,BATCH-2026-02-030,2028-03-14
583,30,3,223,0,BATCH-2026-03-030,2028-02-09
584,30,4,113,0,BATCH-2026-04-030,2027-11-17
585,30,5,882,0,BATCH-2026-05-030,2027-08-15
586,30,6,119,0,BATCH-2026-06-030,2028-01-16
587,30,7,478,0,BATCH-2026-07-030,2027-05-11
588,30,8,454,0,BATCH-2026-08-030,2028-03-20
589,30,9,382,0,BATCH-2026-09-030,2028-01-03
590,30,10,74,0,BATCH-2026-10-030,2027-05-23
591,30,11,50,0,BATCH-2026-11-030,2027-07-16
592,30,12,248,0,BATCH-2026-12-030,2028-03-14
593,30,13,349,0,BATCH-2026-13-030,2027-04-03
594,30,14,160,0,BATCH-2026-14-030,2028-05-16
595,30,15,157,0,BATCH-2026-15-030,2028-03-29
596,30,16,19,0,BATCH-2026-16-030,2027-05-25
597,30,17,17,0,BATCH-2026-17-030,2027-09-05
598,30,18,48,0,BATCH-2026-18-030,2027-10-17
599,30,19,19,0,BATCH-2026-19-030,2028-07-17
600,30,20,46,0,BATCH-2026-20-030,2027-04-29
601,31,1,114,0,BATCH-2026-01-031,2027-05-16
602,31,2,53,0,BATCH-2026-02-031,2028-01-10
603,31,3,151,0,BATCH-2026-03-031,2028-06-16
604,31,4,60,0,BATCH-2026-04-031,2027-03-25
605,31,5,585,0,BATCH-2026-05-031,2028-03-22
606,31,6,117,0,BATCH-2026-06-031,2027-09-06
607,31,7,654,0,BATCH-2026-07-031,2027-05-07
608,31,8,350,0,BATCH-2026-08-031,2027-08-16
609,31,9,248,0,BATCH-2026-09-031,2027-11-05
610,31,10,57,0,BATCH-2026-10-031,2027-10-05
611,31,11,31,0,BATCH-2026-11-031,2027-11-08
612,31,12,417,0,BATCH-2026-12-031,2028-03-01
613,31,13,225,0,BATCH-2026-13-031,2027-08-31
614,31,14,167,0,BATCH-2026-14-031,2027-09-24
615,31,15,126,0,BATCH-2026-15-031,2027-06-25
616,31,16,18,0,BATCH-2026-16-031,2027-04-12
617,31,17,15,0,BATCH-2026-17-031,2028-01-23
618,31,18,31,0,BATCH-2026-18-031,2027-08-19
619,31,19,19,0,BATCH-2026-19-031,2028-06-30
620,31,20,31,0,BATCH-2026-20-031,2027-05-11
621,32,1,141,0,BATCH-2026-01-032,2028-08-02
622,32,2,85,0,BATCH-2026-02-032,2027-12-18
623,32,3,161,0,BATCH-2026-03-032,2027-07-29
624,32,4,108,0,BATCH-2026-04-032,2027-12-08
625,32,5,694,0,BATCH-2026-05-032,2027-10-12
626,32,6,155,0,BATCH-2026-06-032,2027-06-15
627,32,7,607,0,BATCH-2026-07-032,2028-07-15
628,32,8,294,0,BATCH-2026-08-032,2028-01-08
629,32,9,379,0,BATCH-2026-09-032,2027-09-24
630,32,10,100,0,BATCH-2026-10-032,2027-05-11
631,32,11,36,0,BATCH-2026-11-032,2028-03-24
632,32,12,343,0,BATCH-2026-12-032,2027-10-07
633,32,13,236,0,BATCH-2026-13-032,2028-05-29
634,32,14,175,0,BATCH-2026-14-032,2028-04-20
635,32,15,142,0,BATCH-2026-15-032,2027-08-06
636,32,16,16,0,BATCH-2026-16-032,2027-11-15
637,32,17,21,0,BATCH-2026-17-032,2027-05-22
638,32,18,49,0,BATCH-2026-18-032,2027-05-07
639,32,19,20,0,BATCH-2026-19-032,2028-02-20
640,32,20,62,0,BATCH-2026-20-032,2028-05-20
641,33,1,112,0,BATCH-2026-01-033,2027-10-08
642,33,2,52,0,BATCH-2026-02-033,2027-11-15
643,33,3,163,0,BATCH-2026-03-033,2027-10-05
644,33,4,71,0,BATCH-2026-04-033,2028-04-14
645,33,5,730,0,BATCH-2026-05-033,2027-09-11
646,33,6,94,0,BATCH-2026-06-033,2027-05-22
647,33,7,644,0,BATCH-2026-07-033,2027-05-01
648,33,8,334,0,BATCH-2026-08-033,2027-08-31
649,33,9,323,0,BATCH-2026-09-033,2027-10-31
650,33,10,80,0,BATCH-2026-10-033,2028-06-27
651,33,11,42,0,BATCH-2026-11-033,2027-08-13
652,33,12,421,0,BATCH-2026-12-033,2028-01-30
653,33,13,308,0,BATCH-2026-13-033,2028-01-13
654,33,14,198,0,BATCH-2026-14-033,2028-05-12
655,33,15,189,0,BATCH-2026-15-033,2027-12-29
656,33,16,14,0,BATCH-2026-16-033,2028-01-24
657,33,17,16,0,BATCH-2026-17-033,2028-07-13
658,33,18,44,0,BATCH-2026-18-033,2028-06-26
659,33,19,22,0,BATCH-2026-19-033,2028-02-16
660,33,20,46,0,BATCH-2026-20-033,2028-01-01
661,34,1,100,0,BATCH-2026-01-034,2027-08-21
662,34,2,51,0,BATCH-2026-02-034,2027-10-23
663,34,3,104,0,BATCH-2026-03-034,2028-03-23
664,34,4,75,0,BATCH-2026-04-034,2027-06-26
665,34,5,498,0,BATCH-2026-05-034,2027-04-10
666,34,6,106,0,BATCH-2026-06-034,2028-07-21
667,34,7,302,0,BATCH-2026-07-034,2027-09-19
668,34,8,265,0,BATCH-2026-08-034,2028-04-24
669,34,9,166,0,BATCH-2026-09-034,2027-05-25
670,34,10,45,0,BATCH-2026-10-034,2028-06-23
671,34,11,23,0,BATCH-2026-11-034,2027-04-25
672,34,12,202,0,BATCH-2026-12-034,2027-07-21
673,34,13,212,0,BATCH-2026-13-034,2027-08-22
674,34,14,142,0,BATCH-2026-14-034,2028-07-29
675,34,15,108,0,BATCH-2026-15-034,2027-03-26
676,34,16,13,0,BATCH-2026-16-034,2028-01-11
677,34,17,17,0,BATCH-2026-17-034,2027-08-30
678,34,18,35,0,BATCH-2026-18-034,2027-10-09
679,34,19,20,0,BATCH-2026-19-034,2027-10-24
680,34,20,31,0,BATCH-2026-20-034,2027-07-01
681,35,1,82,0,BATCH-2026-01-035,2028-03-18
682,35,2,43,0,BATCH-2026-02-035,2028-02-12
683,35,3,169,0,BATCH-2026-03-035,2027-06-25
684,35,4,90,0,BATCH-2026-04-035,2028-08-16
685,35,5,495,0,BATCH-2026-05-035,2028-06-30
686,35,6,97,0,BATCH-2026-06-035,2028-03-11
687,35,7,466,0,BATCH-2026-07-035,2027-03-17
688,35,8,350,0,BATCH-2026-08-035,2027-09-21
689,35,9,198,0,BATCH-2026-09-035,2027-11-19
690,35,10,80,0,BATCH-2026-10-035,2027-12-05
691,35,11,36,0,BATCH-2026-11-035,2027-10-31
692,35,12,340,0,BATCH-2026-12-035,2027-08-20
693,35,13,169,0,BATCH-2026-13-035,2028-07-31
694,35,14,173,0,BATCH-2026-14-035,2028-08-12
695,35,15,90,0,BATCH-2026-15-035,2028-03-22
696,35,16,13,0,BATCH-2026-16-035,2027-12-06
697,35,17,19,0,BATCH-2026-17-035,2027-04-06
698,35,18,33,0,BATCH-2026-18-035,2028-06-14
699,35,19,19,0,BATCH-2026-19-035,2027-12-04
700,35,20,33,0,BATCH-2026-20-035,2027-12-31
701,36,1,183,0,BATCH-2026-01-036,2027-06-11
702,36,2,83,0,BATCH-2026-02-036,2027-09-23
703,36,3,252,0,BATCH-2026-03-036,2027-05-04
704,36,4,195,0,BATCH-2026-04-036,2027-08-01
705,36,5,1797,0,BATCH-2026-05-036,2028-07-18
706,36,6,284,0,BATCH-2026-06-036,2027-06-05
707,36,7,1105,0,BATCH-2026-07-036,2027-10-28
708,36,8,528,0,BATCH-2026-08-036,2027-09-12
709,36,9,633,0,BATCH-2026-09-036,2027-06-28
710,36,10,117,0,BATCH-2026-10-036,2027-04-09
711,36,11,62,0,BATCH-2026-11-036,2027-10-29
712,36,12,559,0,BATCH-2026-12-036,2028-06-28
713,36,13,425,0,BATCH-2026-13-036,2028-05-12
714,36,14,362,0,BATCH-2026-14-036,2028-05-12
715,36,15,230,0,BATCH-2026-15-036,2028-04-20
716,36,16,28,0,BATCH-2026-16-036,2027-05-14
717,36,17,40,0,BATCH-2026-17-036,2028-08-01
718,36,18,99,0,BATCH-2026-18-036,2028-01-27
719,36,19,35,0,BATCH-2026-19-036,2028-08-08
720,36,20,66,0,BATCH-2026-20-036,2028-02-29
721,37,1,169,0,BATCH-2026-01-037,2027-03-26
722,37,2,71,0,BATCH-2026-02-037,2027-09-01
723,37,3,157,0,BATCH-2026-03-037,2027-08-26
724,37,4,128,0,BATCH-2026-04-037,2027-05-02
725,37,5,1284,0,BATCH-2026-05-037,2027-09-18
726,37,6,213,0,BATCH-2026-06-037,2027-03-29
727,37,7,645,0,BATCH-2026-07-037,2028-04-30
728,37,8,398,0,BATCH-2026-08-037,2028-04-28
729,37,9,335,0,BATCH-2026-09-037,2027-12-16
730,37,10,137,0,BATCH-2026-10-037,2027-11-27
731,37,11,48,0,BATCH-2026-11-037,2027-03-22
732,37,12,454,0,BATCH-2026-12-037,2028-01-02
733,37,13,372,0,BATCH-2026-13-037,2027-05-19
734,37,14,317,0,BATCH-2026-14-037,2028-01-24
735,37,15,246,0,BATCH-2026-15-037,2028-02-02
736,37,16,22,0,BATCH-2026-16-037,2028-07-02
737,37,17,29,0,BATCH-2026-17-037,2028-06-17
738,37,18,64,0,BATCH-2026-18-037,2027-07-14
739,37,19,18,0,BATCH-2026-19-037,2028-06-23
740,37,20,61,0,BATCH-2026-20-037,2028-01-08
741,38,1,91,0,BATCH-2026-01-038,2027-06-11
742,38,2,53,0,BATCH-2026-02-038,2027-09-06
743,38,3,137,0,BATCH-2026-03-038,2028-01-09
744,38,4,97,0,BATCH-2026-04-038,2027-09-04
745,38,5,899,0,BATCH-2026-05-038,2028-07-19
746,38,6,164,0,BATCH-2026-06-038,2027-09-27
747,38,7,758,0,BATCH-2026-07-038,2027-10-12
748,38,8,486,0,BATCH-2026-08-038,2027-07-03
749,38,9,339,0,BATCH-2026-09-038,2028-01-11
750,38,10,87,0,BATCH-2026-10-038,2027-06-30
751,38,11,38,0,BATCH-2026-11-038,2027-06-19
752,38,12,357,0,BATCH-2026-12-038,2028-05-02
753,38,13,235,0,BATCH-2026-13-038,2028-01-31
754,38,14,163,0,BATCH-2026-14-038,2027-07-28
755,38,15,152,0,BATCH-2026-15-038,2027-04-26
756,38,16,20,0,BATCH-2026-16-038,2028-05-08
757,38,17,32,0,BATCH-2026-17-038,2028-07-11
758,38,18,45,0,BATCH-2026-18-038,2027-11-08
759,38,19,22,0,BATCH-2026-19-038,2027-11-13
760,38,20,46,0,BATCH-2026-20-038,2028-01-13
761,39,1,157,0,BATCH-2026-01-039,2028-04-25
762,39,2,83,0,BATCH-2026-02-039,2028-06-14
763,39,3,186,0,BATCH-2026-03-039,2027-04-09
764,39,4,117,0,BATCH-2026-04-039,2027-12-05
765,39,5,791,0,BATCH-2026-05-039,2027-07-01
766,39,6,115,0,BATCH-2026-06-039,2027-07-12
767,39,7,525,0,BATCH-2026-07-039,2027-11-11
768,39,8,485,0,BATCH-2026-08-039,2028-06-18
769,39,9,295,0,BATCH-2026-09-039,2028-04-05
770,39,10,113,0,BATCH-2026-10-039,2027-05-26
771,39,11,33,0,BATCH-2026-11-039,2027-10-16
772,39,12,357,0,BATCH-2026-12-039,2027-08-12
773,39,13,340,0,BATCH-2026-13-039,2027-06-18
774,39,14,183,0,BATCH-2026-14-039,2028-05-08
775,39,15,148,0,BATCH-2026-15-039,2027-12-12
776,39,16,17,0,BATCH-2026-16-039,2027-04-19
777,39,17,20,0,BATCH-2026-17-039,2028-05-07
778,39,18,35,0,BATCH-2026-18-039,2028-05-09
779,39,19,22,0,BATCH-2026-19-039,2028-01-10
780,39,20,53,0,BATCH-2026-20-039,2028-08-03
781,40,1,104,0,BATCH-2026-01-040,2028-05-20
782,40,2,63,0,BATCH-2026-02-040,2027-09-06
783,40,3,146,0,BATCH-2026-03-040,2028-06-10
784,40,4,77,0,BATCH-2026-04-040,2028-01-04
785,40,5,533,0,BATCH-2026-05-040,2027-07-19
786,40,6,135,0,BATCH-2026-06-040,2028-01-29
787,40,7,386,0,BATCH-2026-07-040,2027-09-13
788,40,8,373,0,BATCH-2026-08-040,2027-04-16
789,40,9,385,0,BATCH-2026-09-040,2028-08-04
790,40,10,98,0,BATCH-2026-10-040,2028-04-03
791,40,11,33,0,BATCH-2026-11-040,2028-02-02
792,40,12,326,0,BATCH-2026-12-040,2027-08-07
793,40,13,233,0,BATCH-2026-13-040,2027-08-06
794,40,14,213,0,BATCH-2026-14-040,2027-12-19
795,40,15,92,0,BATCH-2026-15-040,2028-07-30
796,40,16,19,0,BATCH-2026-16-040,2027-10-29
797,40,17,26,0,BATCH-2026-17-040,2027-11-20
798,40,18,48,0,BATCH-2026-18-040,2027-08-13
799,40,19,23,0,BATCH-2026-19-040,2028-03-26
800,40,20,44,0,BATCH-2026-20-040,2028-07-24
801,41,1,126,0,BATCH-2026-01-041,2027-10-22
802,41,2,71,0,BATCH-2026-02-041,2027-09-12
803,41,3,198,0,BATCH-2026-03-041,2028-07-07
804,41,4,82,0,BATCH-2026-04-041,2028-05-24
805,41,5,865,0,BATCH-2026-05-041,2028-01-23
806,41,6,169,0,BATCH-2026-06-041,2027-07-14
807,41,7,500,0,BATCH-2026-07-041,2027-12-11
808,41,8,431,0,BATCH-2026-08-041,2028-01-05
809,41,9,374,0,BATCH-2026-09-041,2027-03-16
810,41,10,60,0,BATCH-2026-10-041,2028-06-03
811,41,11,56,0,BATCH-2026-11-041,2027-05-30
812,41,12,319,0,BATCH-2026-12-041,2027-05-31
813,41,13,201,0,BATCH-2026-13-041,2027-11-17
814,41,14,145,0,BATCH-2026-14-041,2028-04-24
815,41,15,162,0,BATCH-2026-15-041,2027-07-07
816,41,16,20,0,BATCH-2026-16-041,2027-12-31
817,41,17,30,0,BATCH-2026-17-041,2028-02-15
818,41,18,33,0,BATCH-2026-18-041,2028-04-06
819,41,19,28,0,BATCH-2026-19-041,2028-03-25
820,41,20,39,0,BATCH-2026-20-041,2028-06-09
821,42,1,150,0,BATCH-2026-01-042,2027-04-27
822,42,2,102,0,BATCH-2026-02-042,2027-06-08
823,42,3,198,0,BATCH-2026-03-042,2028-04-06
824,42,4,140,0,BATCH-2026-04-042,2027-11-05
825,42,5,1200,0,BATCH-2026-05-042,2027-06-12
826,42,6,159,0,BATCH-2026-06-042,2027-11-09
827,42,7,703,0,BATCH-2026-07-042,2028-04-26
828,42,8,536,0,BATCH-2026-08-042,2027-12-05
829,42,9,442,0,BATCH-2026-09-042,2027-05-11
830,42,10,83,0,BATCH-2026-10-042,2028-02-23
831,42,11,48,0,BATCH-2026-11-042,2027-10-17
832,42,12,428,0,BATCH-2026-12-042,2028-07-24
833,42,13,272,0,BATCH-2026-13-042,2027-10-31
834,42,14,210,0,BATCH-2026-14-042,2028-02-21
835,42,15,209,0,BATCH-2026-15-042,2028-04-05
836,42,16,20,0,BATCH-2026-16-042,2028-02-03
837,42,17,30,0,BATCH-2026-17-042,2028-03-07
838,42,18,57,0,BATCH-2026-18-042,2027-12-22
839,42,19,18,0,BATCH-2026-19-042,2028-06-01
840,42,20,45,0,BATCH-2026-20-042,2027-04-01
841,43,1,147,0,BATCH-2026-01-043,2027-07-31
842,43,2,79,0,BATCH-2026-02-043,2027-11-16
843,43,3,157,0,BATCH-2026-03-043,2028-06-22
844,43,4,99,0,BATCH-2026-04-043,2028-02-21
845,43,5,1023,0,BATCH-2026-05-043,2027-07-14
846,43,6,106,0,BATCH-2026-06-043,2027-03-23
847,43,7,489,0,BATCH-2026-07-043,2028-05-28
848,43,8,295,0,BATCH-2026-08-043,2028-06-05
849,43,9,283,0,BATCH-2026-09-043,2028-04-19
850,43,10,71,0,BATCH-2026-10-043,2027-04-03
851,43,11,52,0,BATCH-2026-11-043,2027-03-28
852,43,12,349,0,BATCH-2026-12-043,2027-04-05
853,43,13,252,0,BATCH-2026-13-043,2028-01-28
854,43,14,160,0,BATCH-2026-14-043,2028-02-26
855,43,15,186,0,BATCH-2026-15-043,2027-08-24
856,43,16,21,0,BATCH-2026-16-043,2027-09-23
857,43,17,24,0,BATCH-2026-17-043,2027-06-13
858,43,18,55,0,BATCH-2026-18-043,2027-04-22
859,43,19,12,0,BATCH-2026-19-043,2028-01-10
860,43,20,39,0,BATCH-2026-20-043,2027-06-17
861,44,1,91,0,BATCH-2026-01-044,2027-10-26
862,44,2,52,0,BATCH-2026-02-044,2027-10-02
863,44,3,131,0,BATCH-2026-03-044,2027-10-08
864,44,4,52,0,BATCH-2026-04-044,2028-04-29
865,44,5,558,0,BATCH-2026-05-044,2027-11-17
866,44,6,105,0,BATCH-2026-06-044,2028-05-11
867,44,7,324,0,BATCH-2026-07-044,2027-04-17
868,44,8,229,0,BATCH-2026-08-044,2028-06-28
869,44,9,188,0,BATCH-2026-09-044,2027-11-05
870,44,10,61,0,BATCH-2026-10-044,2028-03-15
871,44,11,23,0,BATCH-2026-11-044,2027-06-07
872,44,12,293,0,BATCH-2026-12-044,2027-12-08
873,44,13,179,0,BATCH-2026-13-044,2027-05-22
874,44,14,143,0,BATCH-2026-14-044,2027-06-20
875,44,15,93,0,BATCH-2026-15-044,2027-08-30
876,44,16,15,0,BATCH-2026-16-044,2028-05-15
877,44,17,14,0,BATCH-2026-17-044,2028-08-07
878,44,18,30,0,BATCH-2026-18-044,2028-03-14
879,44,19,15,0,BATCH-2026-19-044,2027-08-30
880,44,20,23,0,BATCH-2026-20-044,2028-04-09
881,45,1,153,0,BATCH-2026-01-045,2027-05-30
882,45,2,94,0,BATCH-2026-02-045,2027-12-05
883,45,3,200,0,BATCH-2026-03-045,2027-10-16
884,45,4,133,0,BATCH-2026-04-045,2028-08-15
885,45,5,812,0,BATCH-2026-05-045,2027-04-13
886,45,6,187,0,BATCH-2026-06-045,2028-07-06
887,45,7,697,0,BATCH-2026-07-045,2027-04-28
888,45,8,515,0,BATCH-2026-08-045,2027-10-18
889,45,9,406,0,BATCH-2026-09-045,2028-05-19
890,45,10,99,0,BATCH-2026-10-045,2027-11-21
891,45,11,43,0,BATCH-2026-11-045,2028-05-13
892,45,12,302,0,BATCH-2026-12-045,2027-12-31
893,45,13,399,0,BATCH-2026-13-045,2028-02-05
894,45,14,242,0,BATCH-2026-14-045,2028-01-27
895,45,15,181,0,BATCH-2026-15-045,2027-08-19
896,45,16,30,0,BATCH-2026-16-045,2027-07-27
897,45,17,21,0,BATCH-2026-17-045,2027-10-09
898,45,18,69,0,BATCH-2026-18-045,2027-08-01
899,45,19,19,0,BATCH-2026-19-045,2028-01-16
900,45,20,59,0,BATCH-2026-20-045,2027-09-29
901,46,1,154,0,BATCH-2026-01-046,2028-05-16
902,46,2,68,0,BATCH-2026-02-046,2028-06-10
903,46,3,184,0,BATCH-2026-03-046,2027-04-15
904,46,4,88,0,BATCH-2026-04-046,2028-01-01
905,46,5,1101,0,BATCH-2026-05-046,2027-12-22
906,46,6,154,0,BATCH-2026-06-046,2027-09-09
907,46,7,615,0,BATCH-2026-07-046,2027-06-09
908,46,8,513,0,BATCH-2026-08-046,2027-10-30
909,46,9,404,0,BATCH-2026-09-046,2028-03-15
910,46,10,89,0,BATCH-2026-10-046,2028-02-15
911,46,11,56,0,BATCH-2026-11-046,2027-12-08
912,46,12,375,0,BATCH-2026-12-046,2027-08-07
913,46,13,319,0,BATCH-2026-13-046,2028-07-28
914,46,14,163,0,BATCH-2026-14-046,2028-05-08
915,46,15,140,0,BATCH-2026-15-046,2027-11-15
916,46,16,20,0,BATCH-2026-16-046,2028-08-04
917,46,17,19,0,BATCH-2026-17-046,2028-02-12
918,46,18,54,0,BATCH-2026-18-046,2027-07-08
919,46,19,21,0,BATCH-2026-19-046,2027-04-15
920,46,20,59,0,BATCH-2026-20-046,2027-06-14
921,47,1,165,0,BATCH-2026-01-047,2027-12-12
922,47,2,59,0,BATCH-2026-02-047,2027-08-08
923,47,3,215,0,BATCH-2026-03-047,2027-11-21
924,47,4,114,0,BATCH-2026-04-047,2027-08-30
925,47,5,824,0,BATCH-2026-05-047,2027-06-19
926,47,6,172,0,BATCH-2026-06-047,2028-02-23
927,47,7,469,0,BATCH-2026-07-047,2027-09-23
928,47,8,499,0,BATCH-2026-08-047,2027-06-12
929,47,9,290,0,BATCH-2026-09-047,2028-08-06
930,47,10,62,0,BATCH-2026-10-047,2027-11-26
931,47,11,32,0,BATCH-2026-11-047,2028-07-06
932,47,12,275,0,BATCH-2026-12-047,2028-03-08
933,47,13,282,0,BATCH-2026-13-047,2027-09-08
934,47,14,212,0,BATCH-2026-14-047,2027-09-09
935,47,15,179,0,BATCH-2026-15-047,2027-04-28
936,47,16,13,0,BATCH-2026-16-047,2027-11-05
937,47,17,29,0,BATCH-2026-17-047,2028-07-21
938,47,18,69,0,BATCH-2026-18-047,2028-06-22
939,47,19,17,0,BATCH-2026-19-047,2027-07-25
940,47,20,54,0,BATCH-2026-20-047,2027-03-17
941,48,1,100,0,BATCH-2026-01-048,2028-05-26
942,48,2,63,0,BATCH-2026-02-048,2027-07-09
943,48,3,176,0,BATCH-2026-03-048,2027-07-24
944,48,4,93,0,BATCH-2026-04-048,2027-05-29
945,48,5,792,0,BATCH-2026-05-048,2028-08-10
946,48,6,102,0,BATCH-2026-06-048,2027-10-21
947,48,7,389,0,BATCH-2026-07-048,2027-05-12
948,48,8,452,0,BATCH-2026-08-048,2027-10-30
949,48,9,307,0,BATCH-2026-09-048,2028-08-03
950,48,10,79,0,BATCH-2026-10-048,2028-07-20
951,48,11,26,0,BATCH-2026-11-048,2027-06-09
952,48,12,252,0,BATCH-2026-12-048,2027-12-19
953,48,13,180,0,BATCH-2026-13-048,2028-02-09
954,48,14,179,0,BATCH-2026-14-048,2028-04-28
955,48,15,108,0,BATCH-2026-15-048,2028-05-16
956,48,16,18,0,BATCH-2026-16-048,2028-01-18
957,48,17,22,0,BATCH-2026-17-048,2027-12-16
958,48,18,58,0,BATCH-2026-18-048,2027-05-03
959,48,19,16,0,BATCH-2026-19-048,2028-01-21
960,48,20,32,0,BATCH-2026-20-048,2028-03-23
961,49,1,95,0,BATCH-2026-01-049,2028-03-25
962,49,2,71,0,BATCH-2026-02-049,2028-03-05
963,49,3,187,0,BATCH-2026-03-049,2028-06-08
964,49,4,110,0,BATCH-2026-04-049,2027-07-23
965,49,5,856,0,BATCH-2026-05-049,2028-02-10
966,49,6,97,0,BATCH-2026-06-049,2027-09-03
967,49,7,508,0,BATCH-2026-07-049,2028-04-10
968,49,8,457,0,BATCH-2026-08-049,2027-06-04
969,49,9,223,0,BATCH-2026-09-049,2027-08-14
970,49,10,74,0,BATCH-2026-10-049,2027-08-11
971,49,11,40,0,BATCH-2026-11-049,2028-01-15
972,49,12,262,0,BATCH-2026-12-049,2027-10-01
973,49,13,221,0,BATCH-2026-13-049,2027-10-09
974,49,14,176,0,BATCH-2026-14-049,2027-12-25
975,49,15,178,0,BATCH-2026-15-049,2027-07-19
976,49,16,18,0,BATCH-2026-16-049,2027-12-18
977,49,17,26,0,BATCH-2026-17-049,2027-12-02
978,49,18,60,0,BATCH-2026-18-049,2028-08-05
979,49,19,16,0,BATCH-2026-19-049,2027-03-20
980,49,20,46,0,BATCH-2026-20-049,2027-04-29
981,50,1,156,0,BATCH-2026-01-050,2027-03-28
982,50,2,106,0,BATCH-2026-02-050,2028-05-01
983,50,3,216,0,BATCH-2026-03-050,2027-09-16
984,50,4,83,0,BATCH-2026-04-050,2027-06-23
985,50,5,951,0,BATCH-2026-05-050,2028-04-26
986,50,6,175,0,BATCH-2026-06-050,2027-07-28
987,50,7,680,0,BATCH-2026-07-050,2027-04-20
988,50,8,374,0,BATCH-2026-08-050,2027-04-09
989,50,9,363,0,BATCH-2026-09-050,2027-05-14
990,50,10,89,0,BATCH-2026-10-050,2028-02-10
991,50,11,56,0,BATCH-2026-11-050,2027-12-16
992,50,12,378,0,BATCH-2026-12-050,2027-12-18
993,50,13,350,0,BATCH-2026-13-050,2027-03-29
994,50,14,189,0,BATCH-2026-14-050,2027-07-15
995,50,15,161,0,BATCH-2026-15-050,2028-04-21
996,50,16,24,0,BATCH-2026-16-050,2027-09-22
997,50,17,24,0,BATCH-2026-17-050,2027-11-14
998,50,18,58,0,BATCH-2026-18-050,2027-04-28
999,50,19,25,0,BATCH-2026-19-050,2027-11-20
1000,50,20,54,0,BATCH-2026-20-050,2028-01-15
1001,51,1,147,0,BATCH-2026-01-051,2027-05-24
1002,51,2,85,0,BATCH-2026-02-051,2027-08-07
1003,51,3,284,0,BATCH-2026-03-051,2027-08-04
1004,51,4,125,0,BATCH-2026-04-051,2028-03-08
1005,51,5,891,0,BATCH-2026-05-051,2027-06-16
1006,51,6,173,0,BATCH-2026-06-051,2028-08-04
1007,51,7,753,0,BATCH-2026-07-051,2028-02-28
1008,51,8,502,0,BATCH-2026-08-051,2028-03-23
1009,51,9,488,0,BATCH-2026-09-051,2027-04-22
1010,51,10,81,0,BATCH-2026-10-051,2027-11-01
1011,51,11,64,0,BATCH-2026-11-051,2028-05-02
1012,51,12,353,0,BATCH-2026-12-051,2027-12-21
1013,51,13,419,0,BATCH-2026-13-051,2027-12-28
1014,51,14,181,0,BATCH-2026-14-051,2027-05-29
1015,51,15,207,0,BATCH-2026-15-051,2027-05-20
1016,51,16,17,0,BATCH-2026-16-051,2028-06-06
1017,51,17,18,0,BATCH-2026-17-051,2027-05-09
1018,51,18,64,0,BATCH-2026-18-051,2028-05-18
1019,51,19,17,0,BATCH-2026-19-051,2027-09-10
1020,51,20,51,0,BATCH-2026-20-051,2027-04-17
1021,52,1,154,0,BATCH-2026-01-052,2028-03-25
1022,52,2,77,0,BATCH-2026-02-052,2027-05-05
1023,52,3,193,0,BATCH-2026-03-052,2027-11-17
1024,52,4,103,0,BATCH-2026-04-052,2028-08-01
1025,52,5,689,0,BATCH-2026-05-052,2028-06-20
1026,52,6,138,0,BATCH-2026-06-052,2027-11-08
1027,52,7,626,0,BATCH-2026-07-052,2028-04-12
1028,52,8,431,0,BATCH-2026-08-052,2027-08-13
1029,52,9,230,0,BATCH-2026-09-052,2028-05-11
1030,52,10,86,0,BATCH-2026-10-052,2027-12-24
1031,52,11,44,0,BATCH-2026-11-052,2027-04-16
1032,52,12,323,0,BATCH-2026-12-052,2028-07-16
1033,52,13,242,0,BATCH-2026-13-052,2027-09-24
1034,52,14,159,0,BATCH-2026-14-052,2028-07-09
1035,52,15,125,0,BATCH-2026-15-052,2027-08-15
1036,52,16,20,0,BATCH-2026-16-052,2027-05-26
1037,52,17,21,0,BATCH-2026-17-052,2028-01-02
1038,52,18,47,0,BATCH-2026-18-052,2028-03-14
1039,52,19,20,0,BATCH-2026-19-052,2028-06-19
1040,52,20,45,0,BATCH-2026-20-052,2028-06-27
1041,53,1,120,0,BATCH-2026-01-053,2028-01-20
1042,53,2,51,0,BATCH-2026-02-053,2028-02-10
1043,53,3,104,0,BATCH-2026-03-053,2027-05-04
1044,53,4,61,0,BATCH-2026-04-053,2027-11-28
1045,53,5,772,0,BATCH-2026-05-053,2027-12-22
1046,53,6,87,0,BATCH-2026-06-053,2027-11-06
1047,53,7,329,0,BATCH-2026-07-053,2027-10-03
1048,53,8,229,0,BATCH-2026-08-053,2028-04-11
1049,53,9,195,0,BATCH-2026-09-053,2027-10-03
1050,53,10,73,0,BATCH-2026-10-053,2027-09-10
1051,53,11,42,0,BATCH-2026-11-053,2027-04-04
1052,53,12,361,0,BATCH-2026-12-053,2028-08-11
1053,53,13,195,0,BATCH-2026-13-053,2027-06-19
1054,53,14,166,0,BATCH-2026-14-053,2028-07-30
1055,53,15,114,0,BATCH-2026-15-053,2028-04-14
1056,53,16,21,0,BATCH-2026-16-053,2027-07-27
1057,53,17,23,0,BATCH-2026-17-053,2027-11-17
1058,53,18,44,0,BATCH-2026-18-053,2028-08-08
1059,53,19,18,0,BATCH-2026-19-053,2028-06-21
1060,53,20,40,0,BATCH-2026-20-053,2027-06-09
1061,54,1,87,0,BATCH-2026-01-054,2028-02-17
1062,54,2,69,0,BATCH-2026-02-054,2027-09-28
1063,54,3,154,0,BATCH-2026-03-054,2028-03-10
1064,54,4,96,0,BATCH-2026-04-054,2027-06-25
1065,54,5,912,0,BATCH-2026-05-054,2027-11-24
1066,54,6,127,0,BATCH-2026-06-054,2028-05-13
1067,54,7,624,0,BATCH-2026-07-054,2028-05-14
1068,54,8,394,0,BATCH-2026-08-054,2027-10-09
1069,54,9,307,0,BATCH-2026-09-054,2027-07-14
1070,54,10,92,0,BATCH-2026-10-054,2027-05-30
1071,54,11,31,0,BATCH-2026-11-054,2027-10-26
1072,54,12,238,0,BATCH-2026-12-054,2028-05-12
1073,54,13,300,0,BATCH-2026-13-054,2028-01-07
1074,54,14,138,0,BATCH-2026-14-054,2027-09-06
1075,54,15,118,0,BATCH-2026-15-054,2027-04-08
1076,54,16,13,0,BATCH-2026-16-054,2028-08-07
1077,54,17,31,0,BATCH-2026-17-054,2027-09-05
1078,54,18,47,0,BATCH-2026-18-054,2028-04-13
1079,54,19,18,0,BATCH-2026-19-054,2028-06-23
1080,54,20,27,0,BATCH-2026-20-054,2028-02-21
1081,55,1,130,0,BATCH-2026-01-055,2028-03-10
1082,55,2,64,0,BATCH-2026-02-055,2027-05-03
1083,55,3,209,0,BATCH-2026-03-055,2027-05-22
1084,55,4,80,0,BATCH-2026-04-055,2027-12-12
1085,55,5,1000,0,BATCH-2026-05-055,2027-04-01
1086,55,6,173,0,BATCH-2026-06-055,2027-06-27
1087,55,7,691,0,BATCH-2026-07-055,2027-05-28
1088,55,8,456,0,BATCH-2026-08-055,2027-08-01
1089,55,9,264,0,BATCH-2026-09-055,2027-04-28
1090,55,10,96,0,BATCH-2026-10-055,2027-09-23
1091,55,11,40,0,BATCH-2026-11-055,2027-05-12
1092,55,12,344,0,BATCH-2026-12-055,2027-11-29
1093,55,13,348,0,BATCH-2026-13-055,2027-03-22
1094,55,14,214,0,BATCH-2026-14-055,2027-10-01
1095,55,15,173,0,BATCH-2026-15-055,2028-08-05
1096,55,16,17,0,BATCH-2026-16-055,2027-04-20
1097,55,17,32,0,BATCH-2026-17-055,2027-12-25
1098,55,18,41,0,BATCH-2026-18-055,2028-07-29
1099,55,19,20,0,BATCH-2026-19-055,2027-04-26
1100,55,20,51,0,BATCH-2026-20-055,2027-10-15
1101,56,1,177,0,BATCH-2026-01-056,2027-09-14
1102,56,2,101,0,BATCH-2026-02-056,2028-07-22
1103,56,3,234,0,BATCH-2026-03-056,2027-07-17
1104,56,4,98,0,BATCH-2026-04-056,2027-06-14
1105,56,5,1167,0,BATCH-2026-05-056,2028-05-27
1106,56,6,156,0,BATCH-2026-06-056,2028-04-06
1107,56,7,576,0,BATCH-2026-07-056,2028-05-24
1108,56,8,440,0,BATCH-2026-08-056,2028-04-03
1109,56,9,442,0,BATCH-2026-09-056,2028-03-03
1110,56,10,134,0,BATCH-2026-10-056,2027-05-29
1111,56,11,65,0,BATCH-2026-11-056,2027-08-06
1112,56,12,585,0,BATCH-2026-12-056,2027-05-17
1113,56,13,467,0,BATCH-2026-13-056,2027-04-10
1114,56,14,229,0,BATCH-2026-14-056,2028-03-06
1115,56,15,226,0,BATCH-2026-15-056,2028-05-05
1116,56,16,24,0,BATCH-2026-16-056,2027-06-19
1117,56,17,30,0,BATCH-2026-17-056,2027-10-19
1118,56,18,77,0,BATCH-2026-18-056,2028-03-03
1119,56,19,18,0,BATCH-2026-19-056,2027-05-03
1120,56,20,57,0,BATCH-2026-20-056,2027-07-20
1121,57,1,91,0,BATCH-2026-01-057,2027-11-26
1122,57,2,55,0,BATCH-2026-02-057,2027-05-31
1123,57,3,104,0,BATCH-2026-03-057,2028-01-31
1124,57,4,59,0,BATCH-2026-04-057,2027-04-16
1125,57,5,792,0,BATCH-2026-05-057,2028-02-03
1126,57,6,90,0,BATCH-2026-06-057,2027-05-01
1127,57,7,439,0,BATCH-2026-07-057,2028-04-24
1128,57,8,367,0,BATCH-2026-08-057,2027-06-16
1129,57,9,232,0,BATCH-2026-09-057,2027-04-15
1130,57,10,70,0,BATCH-2026-10-057,2028-02-18
1131,57,11,32,0,BATCH-2026-11-057,2028-07-07
1132,57,12,333,0,BATCH-2026-12-057,2028-03-23
1133,57,13,265,0,BATCH-2026-13-057,2028-04-06
1134,57,14,167,0,BATCH-2026-14-057,2028-05-24
1135,57,15,127,0,BATCH-2026-15-057,2027-03-19
1136,57,16,20,0,BATCH-2026-16-057,2027-04-23
1137,57,17,15,0,BATCH-2026-17-057,2027-10-06
1138,57,18,44,0,BATCH-2026-18-057,2027-08-29
1139,57,19,22,0,BATCH-2026-19-057,2028-06-09
1140,57,20,29,0,BATCH-2026-20-057,2027-04-17
1141,58,1,140,0,BATCH-2026-01-058,2027-07-14
1142,58,2,63,0,BATCH-2026-02-058,2027-05-18
1143,58,3,209,0,BATCH-2026-03-058,2028-04-13
1144,58,4,126,0,BATCH-2026-04-058,2028-05-10
1145,58,5,1379,0,BATCH-2026-05-058,2028-06-30
1146,58,6,192,0,BATCH-2026-06-058,2028-07-31
1147,58,7,700,0,BATCH-2026-07-058,2027-10-07
1148,58,8,365,0,BATCH-2026-08-058,2028-03-25
1149,58,9,311,0,BATCH-2026-09-058,2027-07-17
1150,58,10,134,0,BATCH-2026-10-058,2028-04-25
1151,58,11,43,0,BATCH-2026-11-058,2028-01-02
1152,58,12,473,0,BATCH-2026-12-058,2027-08-01
1153,58,13,324,0,BATCH-2026-13-058,2027-07-27
1154,58,14,189,0,BATCH-2026-14-058,2027-09-07
1155,58,15,190,0,BATCH-2026-15-058,2027-08-31
1156,58,16,21,0,BATCH-2026-16-058,2028-06-14
1157,58,17,36,0,BATCH-2026-17-058,2028-04-06
1158,58,18,58,0,BATCH-2026-18-058,2027-04-06
1159,58,19,24,0,BATCH-2026-19-058,2028-01-14
1160,58,20,70,0,BATCH-2026-20-058,2028-05-14
1161,59,1,136,0,BATCH-2026-01-059,2027-09-11
1162,59,2,69,0,BATCH-2026-02-059,2028-06-19
1163,59,3,156,0,BATCH-2026-03-059,2028-06-03
1164,59,4,118,0,BATCH-2026-04-059,2027-07-06
1165,59,5,1040,0,BATCH-2026-05-059,2027-05-13
1166,59,6,168,0,BATCH-2026-06-059,2027-05-01
1167,59,7,732,0,BATCH-2026-07-059,2027-11-26
1168,59,8,280,0,BATCH-2026-08-059,2027-08-11
1169,59,9,358,0,BATCH-2026-09-059,2027-05-25
1170,59,10,70,0,BATCH-2026-10-059,2028-07-20
1171,59,11,33,0,BATCH-2026-11-059,2028-03-26
1172,59,12,433,0,BATCH-2026-12-059,2027-08-14
1173,59,13,324,0,BATCH-2026-13-059,2028-05-18
1174,59,14,153,0,BATCH-2026-14-059,2027-09-26
1175,59,15,157,0,BATCH-2026-15-059,2027-05-08
1176,59,16,13,0,BATCH-2026-16-059,2028-08-13
1177,59,17,22,0,BATCH-2026-17-059,2028-06-18
1178,59,18,67,0,BATCH-2026-18-059,2027-12-02
1179,59,19,19,0,BATCH-2026-19-059,2028-04-14
1180,59,20,44,0,BATCH-2026-20-059,2028-04-07
1181,60,1,99,0,BATCH-2026-01-060,2027-05-27
1182,60,2,59,0,BATCH-2026-02-060,2028-04-08
1183,60,3,214,0,BATCH-2026-03-060,2028-07-30
1184,60,4,122,0,BATCH-2026-04-060,2027-11-24
1185,60,5,755,0,BATCH-2026-05-060,2027-07-19
1186,60,6,145,0,BATCH-2026-06-060,2027-03-21
1187,60,7,521,0,BATCH-2026-07-060,2027-11-23
1188,60,8,399,0,BATCH-2026-08-060,2028-03-19
1189,60,9,384,0,BATCH-2026-09-060,2028-03-03
1190,60,10,96,0,BATCH-2026-10-060,2027-04-07
1191,60,11,53,0,BATCH-2026-11-060,2027-11-04
1192,60,12,284,0,BATCH-2026-12-060,2027-08-03
1193,60,13,296,0,BATCH-2026-13-060,2028-07-11
1194,60,14,231,0,BATCH-2026-14-060,2028-06-19
1195,60,15,141,0,BATCH-2026-15-060,2028-03-06
1196,60,16,18,0,BATCH-2026-16-060,2027-09-07
1197,60,17,17,0,BATCH-2026-17-060,2028-06-29
1198,60,18,52,0,BATCH-2026-18-060,2027-05-09
1199,60,19,15,0,BATCH-2026-19-060,2028-08-13
1200,60,20,42,0,BATCH-2026-20-060,2028-06-08
1201,61,1,104,0,BATCH-2026-01-061,2028-01-11
1202,61,2,60,0,BATCH-2026-02-061,2027-07-22
1203,61,3,169,0,BATCH-2026-03-061,2028-02-21
1204,61,4,103,0,BATCH-2026-04-061,2027-05-06
1205,61,5,1120,0,BATCH-2026-05-061,2027-08-04
1206,61,6,210,0,BATCH-2026-06-061,2028-02-23
1207,61,7,728,0,BATCH-2026-07-061,2027-05-04
1208,61,8,444,0,BATCH-2026-08-061,2027-06-22
1209,61,9,380,0,BATCH-2026-09-061,2027-09-14
1210,61,10,103,0,BATCH-2026-10-061,2028-02-28
1211,61,11,61,0,BATCH-2026-11-061,2027-10-09
1212,61,12,449,0,BATCH-2026-12-061,2028-01-15
1213,61,13,300,0,BATCH-2026-13-061,2027-11-26
1214,61,14,288,0,BATCH-2026-14-061,2027-06-22
1215,61,15,152,0,BATCH-2026-15-061,2028-03-31
1216,61,16,20,0,BATCH-2026-16-061,2027-10-10
1217,61,17,27,0,BATCH-2026-17-061,2027-09-30
1218,61,18,61,0,BATCH-2026-18-061,2027-09-27
1219,61,19,19,0,BATCH-2026-19-061,2028-04-25
1220,61,20,47,0,BATCH-2026-20-061,2028-08-01
1221,62,1,124,0,BATCH-2026-01-062,2027-09-22
1222,62,2,60,0,BATCH-2026-02-062,2027-03-24
1223,62,3,187,0,BATCH-2026-03-062,2027-10-28
1224,62,4,103,0,BATCH-2026-04-062,2027-06-04
1225,62,5,1028,0,BATCH-2026-05-062,2028-04-06
1226,62,6,136,0,BATCH-2026-06-062,2027-10-30
1227,62,7,577,0,BATCH-2026-07-062,2027-11-11
1228,62,8,359,0,BATCH-2026-08-062,2028-06-17
1229,62,9,338,0,BATCH-2026-09-062,2027-10-24
1230,62,10,83,0,BATCH-2026-10-062,2028-08-03
1231,62,11,38,0,BATCH-2026-11-062,2027-05-22
1232,62,12,323,0,BATCH-2026-12-062,2028-02-26
1233,62,13,350,0,BATCH-2026-13-062,2028-02-17
1234,62,14,240,0,BATCH-2026-14-062,2028-01-29
1235,62,15,192,0,BATCH-2026-15-062,2027-12-23
1236,62,16,21,0,BATCH-2026-16-062,2028-01-12
1237,62,17,28,0,BATCH-2026-17-062,2028-07-25
1238,62,18,55,0,BATCH-2026-18-062,2028-05-03
1239,62,19,21,0,BATCH-2026-19-062,2027-05-12
1240,62,20,53,0,BATCH-2026-20-062,2027-05-29
1241,63,1,169,0,BATCH-2026-01-063,2027-12-06
1242,63,2,110,0,BATCH-2026-02-063,2027-03-18
1243,63,3,223,0,BATCH-2026-03-063,2028-08-10
1244,63,4,148,0,BATCH-2026-04-063,2028-04-12
1245,63,5,1366,0,BATCH-2026-05-063,2028-03-19
1246,63,6,185,0,BATCH-2026-06-063,2027-05-02
1247,63,7,1129,0,BATCH-2026-07-063,2027-07-11
1248,63,8,564,0,BATCH-2026-08-063,2028-06-11
1249,63,9,610,0,BATCH-2026-09-063,2027-11-30
1250,63,10,99,0,BATCH-2026-10-063,2028-06-08
1251,63,11,70,0,BATCH-2026-11-063,2027-11-14
1252,63,12,454,0,BATCH-2026-12-063,2028-06-04
1253,63,13,442,0,BATCH-2026-13-063,2028-06-28
1254,63,14,252,0,BATCH-2026-14-063,2028-06-19
1255,63,15,268,0,BATCH-2026-15-063,2028-04-20
1256,63,16,33,0,BATCH-2026-16-063,2028-05-14
1257,63,17,31,0,BATCH-2026-17-063,2027-07-23
1258,63,18,64,0,BATCH-2026-18-063,2027-03-19
1259,63,19,27,0,BATCH-2026-19-063,2027-07-27
1260,63,20,62,0,BATCH-2026-20-063,2028-05-01
1261,64,1,145,0,BATCH-2026-01-064,2027-08-10
1262,64,2,54,0,BATCH-2026-02-064,2028-02-22
1263,64,3,103,0,BATCH-2026-03-064,2028-06-27
1264,64,4,76,0,BATCH-2026-04-064,2028-02-18
1265,64,5,638,0,BATCH-2026-05-064,2027-03-28
1266,64,6,140,0,BATCH-2026-06-064,2028-08-04
1267,64,7,664,0,BATCH-2026-07-064,2028-02-22
1268,64,8,364,0,BATCH-2026-08-064,2028-05-25
1269,64,9,259,0,BATCH-2026-09-064,2027-10-15
1270,64,10,87,0,BATCH-2026-10-064,2028-01-09
1271,64,11,37,0,BATCH-2026-11-064,2028-07-16
1272,64,12,351,0,BATCH-2026-12-064,2028-01-07
1273,64,13,245,0,BATCH-2026-13-064,2027-12-22
1274,64,14,167,0,BATCH-2026-14-064,2028-07-31
1275,64,15,162,0,BATCH-2026-15-064,2028-06-21
1276,64,16,16,0,BATCH-2026-16-064,2028-04-25
1277,64,17,19,0,BATCH-2026-17-064,2027-08-18
1278,64,18,43,0,BATCH-2026-18-064,2027-05-05
1279,64,19,15,0,BATCH-2026-19-064,2028-04-05
1280,64,20,38,0,BATCH-2026-20-064,2028-03-13
1281,65,1,200,0,BATCH-2026-01-065,2027-10-14
1282,65,2,116,0,BATCH-2026-02-065,2027-10-25
1283,65,3,284,0,BATCH-2026-03-065,2027-06-28
1284,65,4,153,0,BATCH-2026-04-065,2028-05-15
1285,65,5,1226,0,BATCH-2026-05-065,2027-10-08
1286,65,6,142,0,BATCH-2026-06-065,2028-02-24
1287,65,7,662,0,BATCH-2026-07-065,2028-07-06
1288,65,8,628,0,BATCH-2026-08-065,2027-05-10
1289,65,9,537,0,BATCH-2026-09-065,2027-04-22
1290,65,10,106,0,BATCH-2026-10-065,2027-09-04
1291,65,11,61,0,BATCH-2026-11-065,2028-04-29
1292,65,12,411,0,BATCH-2026-12-065,2027-03-25
1293,65,13,466,0,BATCH-2026-13-065,2028-08-02
1294,65,14,277,0,BATCH-2026-14-065,2028-05-11
1295,65,15,210,0,BATCH-2026-15-065,2027-04-23
1296,65,16,22,0,BATCH-2026-16-065,2027-03-18
1297,65,17,33,0,BATCH-2026-17-065,2027-10-20
1298,65,18,58,0,BATCH-2026-18-065,2027-11-10
1299,65,19,24,0,BATCH-2026-19-065,2028-04-03
1300,65,20,53,0,BATCH-2026-20-065,2027-11-06
1301,66,1,85,0,BATCH-2026-01-066,2027-11-25
1302,66,2,88,0,BATCH-2026-02-066,2028-07-09
1303,66,3,125,0,BATCH-2026-03-066,2027-11-24
1304,66,4,98,0,BATCH-2026-04-066,2027-06-06
1305,66,5,1080,0,BATCH-2026-05-066,2028-06-08
1306,66,6,130,0,BATCH-2026-06-066,2028-02-06
1307,66,7,705,0,BATCH-2026-07-066,2027-08-09
1308,66,8,438,0,BATCH-2026-08-066,2028-07-03
1309,66,9,243,0,BATCH-2026-09-066,2028-08-07
1310,66,10,61,0,BATCH-2026-10-066,2027-03-31
1311,66,11,41,0,BATCH-2026-11-066,2028-03-08
1312,66,12,275,0,BATCH-2026-12-066,2027-12-01
1313,66,13,224,0,BATCH-2026-13-066,2028-02-03
1314,66,14,223,0,BATCH-2026-14-066,2028-01-14
1315,66,15,178,0,BATCH-2026-15-066,2028-07-14
1316,66,16,15,0,BATCH-2026-16-066,2027-06-09
1317,66,17,22,0,BATCH-2026-17-066,2028-03-20
1318,66,18,49,0,BATCH-2026-18-066,2028-05-14
1319,66,19,24,0,BATCH-2026-19-066,2027-09-27
1320,66,20,40,0,BATCH-2026-20-066,2028-03-20
1321,67,1,136,0,BATCH-2026-01-067,2027-05-28
1322,67,2,104,0,BATCH-2026-02-067,2028-07-12
1323,67,3,251,0,BATCH-2026-03-067,2028-03-07
1324,67,4,108,0,BATCH-2026-04-067,2028-01-20
1325,67,5,1110,0,BATCH-2026-05-067,2027-10-03
1326,67,6,215,0,BATCH-2026-06-067,2028-01-01
1327,67,7,713,0,BATCH-2026-07-067,2028-02-25
1328,67,8,393,0,BATCH-2026-08-067,2028-05-31
1329,67,9,446,0,BATCH-2026-09-067,2027-10-19
1330,67,10,145,0,BATCH-2026-10-067,2027-11-09
1331,67,11,49,0,BATCH-2026-11-067,2028-02-25
1332,67,12,601,0,BATCH-2026-12-067,2027-05-14
1333,67,13,356,0,BATCH-2026-13-067,2027-03-23
1334,67,14,302,0,BATCH-2026-14-067,2028-01-13
1335,67,15,164,0,BATCH-2026-15-067,2028-07-30
1336,67,16,23,0,BATCH-2026-16-067,2027-04-05
1337,67,17,32,0,BATCH-2026-17-067,2028-08-12
1338,67,18,62,0,BATCH-2026-18-067,2027-07-27
1339,67,19,20,0,BATCH-2026-19-067,2027-03-28
1340,67,20,51,0,BATCH-2026-20-067,2027-07-24
1341,68,1,64,0,BATCH-2026-01-068,2027-06-23
1342,68,2,39,0,BATCH-2026-02-068,2028-06-07
1343,68,3,112,0,BATCH-2026-03-068,2027-10-01
1344,68,4,40,0,BATCH-2026-04-068,2027-08-13
1345,68,5,564,0,BATCH-2026-05-068,2027-12-19
1346,68,6,65,0,BATCH-2026-06-068,2027-04-14
1347,68,7,374,0,BATCH-2026-07-068,2027-10-23
1348,68,8,219,0,BATCH-2026-08-068,2028-06-12
1349,68,9,172,0,BATCH-2026-09-068,2028-06-08
1350,68,10,54,0,BATCH-2026-10-068,2028-02-16
1351,68,11,26,0,BATCH-2026-11-068,2028-03-09
1352,68,12,258,0,BATCH-2026-12-068,2028-02-17
1353,68,13,143,0,BATCH-2026-13-068,2028-02-26
1354,68,14,90,0,BATCH-2026-14-068,2027-07-27
1355,68,15,75,0,BATCH-2026-15-068,2027-06-18
1356,68,16,15,0,BATCH-2026-16-068,2028-03-29
1357,68,17,14,0,BATCH-2026-17-068,2028-03-15
1358,68,18,24,0,BATCH-2026-18-068,2027-06-17
1359,68,19,14,0,BATCH-2026-19-068,2027-08-10
1360,68,20,27,0,BATCH-2026-20-068,2028-06-18
1361,69,1,140,0,BATCH-2026-01-069,2027-08-12
1362,69,2,104,0,BATCH-2026-02-069,2027-07-30
1363,69,3,237,0,BATCH-2026-03-069,2027-03-30
1364,69,4,100,0,BATCH-2026-04-069,2028-03-02
1365,69,5,910,0,BATCH-2026-05-069,2028-07-27
1366,69,6,210,0,BATCH-2026-06-069,2027-11-07
1367,69,7,902,0,BATCH-2026-07-069,2028-02-25
1368,69,8,649,0,BATCH-2026-08-069,2028-06-28
1369,69,9,370,0,BATCH-2026-09-069,2028-08-16
1370,69,10,127,0,BATCH-2026-10-069,2027-09-19
1371,69,11,44,0,BATCH-2026-11-069,2027-07-13
1372,69,12,448,0,BATCH-2026-12-069,2028-01-09
1373,69,13,363,0,BATCH-2026-13-069,2028-04-22
1374,69,14,287,0,BATCH-2026-14-069,2027-09-06
1375,69,15,200,0,BATCH-2026-15-069,2028-03-25
1376,69,16,18,0,BATCH-2026-16-069,2027-10-28
1377,69,17,19,0,BATCH-2026-17-069,2027-12-04
1378,69,18,69,0,BATCH-2026-18-069,2027-08-03
1379,69,19,15,0,BATCH-2026-19-069,2027-03-29
1380,69,20,87,0,BATCH-2026-20-069,2028-01-12
1381,70,1,92,0,BATCH-2026-01-070,2027-03-28
1382,70,2,36,0,BATCH-2026-02-070,2028-07-25
1383,70,3,106,0,BATCH-2026-03-070,2027-08-25
1384,70,4,55,0,BATCH-2026-04-070,2028-04-30
1385,70,5,498,0,BATCH-2026-05-070,2027-11-19
1386,70,6,116,0,BATCH-2026-06-070,2028-01-16
1387,70,7,375,0,BATCH-2026-07-070,2028-01-06
1388,70,8,246,0,BATCH-2026-08-070,2028-08-05
1389,70,9,199,0,BATCH-2026-09-070,2028-02-26
1390,70,10,65,0,BATCH-2026-10-070,2028-01-25
1391,70,11,26,0,BATCH-2026-11-070,2027-10-25
1392,70,12,229,0,BATCH-2026-12-070,2028-03-18
1393,70,13,172,0,BATCH-2026-13-070,2028-07-18
1394,70,14,125,0,BATCH-2026-14-070,2028-02-18
1395,70,15,75,0,BATCH-2026-15-070,2028-03-19
1396,70,16,15,0,BATCH-2026-16-070,2028-06-26
1397,70,17,16,0,BATCH-2026-17-070,2028-02-12
1398,70,18,22,0,BATCH-2026-18-070,2027-10-29
1399,70,19,13,0,BATCH-2026-19-070,2027-10-25
1400,70,20,29,0,BATCH-2026-20-070,2027-08-31
1401,71,1,174,0,BATCH-2026-01-071,2027-03-24
1402,71,2,69,0,BATCH-2026-02-071,2027-07-07
1403,71,3,230,0,BATCH-2026-03-071,2028-02-27
1404,71,4,131,0,BATCH-2026-04-071,2027-07-01
1405,71,5,1207,0,BATCH-2026-05-071,2027-12-13
1406,71,6,143,0,BATCH-2026-06-071,2027-08-11
1407,71,7,835,0,BATCH-2026-07-071,2028-05-05
1408,71,8,444,0,BATCH-2026-08-071,2027-05-13
1409,71,9,335,0,BATCH-2026-09-071,2028-05-02
1410,71,10,78,0,BATCH-2026-10-071,2027-03-28
1411,71,11,49,0,BATCH-2026-11-071,2027-07-03
1412,71,12,371,0,BATCH-2026-12-071,2028-04-30
1413,71,13,374,0,BATCH-2026-13-071,2027-08-06
1414,71,14,189,0,BATCH-2026-14-071,2028-02-23
1415,71,15,151,0,BATCH-2026-15-071,2028-01-08
1416,71,16,17,0,BATCH-2026-16-071,2027-10-15
1417,71,17,26,0,BATCH-2026-17-071,2027-03-24
1418,71,18,45,0,BATCH-2026-18-071,2027-08-28
1419,71,19,22,0,BATCH-2026-19-071,2027-06-09
1420,71,20,41,0,BATCH-2026-20-071,2028-04-21
1421,72,1,177,0,BATCH-2026-01-072,2027-12-21
1422,72,2,78,0,BATCH-2026-02-072,2028-02-04
1423,72,3,211,0,BATCH-2026-03-072,2027-11-18
1424,72,4,111,0,BATCH-2026-04-072,2028-02-10
1425,72,5,1291,0,BATCH-2026-05-072,2027-07-26
1426,72,6,153,0,BATCH-2026-06-072,2027-07-02
1427,72,7,641,0,BATCH-2026-07-072,2027-09-26
1428,72,8,463,0,BATCH-2026-08-072,2027-03-22
1429,72,9,323,0,BATCH-2026-09-072,2028-06-30
1430,72,10,113,0,BATCH-2026-10-072,2027-07-25
1431,72,11,53,0,BATCH-2026-11-072,2028-06-30
1432,72,12,363,0,BATCH-2026-12-072,2028-06-22
1433,72,13,312,0,BATCH-2026-13-072,2027-06-26
1434,72,14,197,0,BATCH-2026-14-072,2027-12-06
1435,72,15,189,0,BATCH-2026-15-072,2027-03-29
1436,72,16,20,0,BATCH-2026-16-072,2027-08-09
1437,72,17,47,0,BATCH-2026-17-072,2028-05-17
1438,72,18,58,0,BATCH-2026-18-072,2027-08-31
1439,72,19,20,0,BATCH-2026-19-072,2027-11-23
1440,72,20,53,0,BATCH-2026-20-072,2027-11-11
1441,73,1,163,0,BATCH-2026-01-073,2027-12-03
1442,73,2,62,0,BATCH-2026-02-073,2028-04-12
1443,73,3,210,0,BATCH-2026-03-073,2027-05-20
1444,73,4,132,0,BATCH-2026-04-073,2028-05-17
1445,73,5,897,0,BATCH-2026-05-073,2027-07-18
1446,73,6,230,0,BATCH-2026-06-073,2028-07-29
1447,73,7,726,0,BATCH-2026-07-073,2027-07-15
1448,73,8,616,0,BATCH-2026-08-073,2027-08-27
1449,73,9,307,0,BATCH-2026-09-073,2028-02-26
1450,73,10,130,0,BATCH-2026-10-073,2028-03-15
1451,73,11,35,0,BATCH-2026-11-073,2028-01-31
1452,73,12,507,0,BATCH-2026-12-073,2028-01-11
1453,73,13,274,0,BATCH-2026-13-073,2027-08-03
1454,73,14,196,0,BATCH-2026-14-073,2028-04-25
1455,73,15,174,0,BATCH-2026-15-073,2027-07-29
1456,73,16,21,0,BATCH-2026-16-073,2028-08-14
1457,73,17,20,0,BATCH-2026-17-073,2027-06-21
1458,73,18,84,0,BATCH-2026-18-073,2028-05-13
1459,73,19,22,0,BATCH-2026-19-073,2028-02-02
1460,73,20,57,0,BATCH-2026-20-073,2027-06-28
1461,74,1,161,0,BATCH-2026-01-074,2028-01-02
1462,74,2,66,0,BATCH-2026-02-074,2027-03-24
1463,74,3,212,0,BATCH-2026-03-074,2027-09-01
1464,74,4,70,0,BATCH-2026-04-074,2028-05-10
1465,74,5,879,0,BATCH-2026-05-074,2027-10-20
1466,74,6,126,0,BATCH-2026-06-074,2028-05-27
1467,74,7,535,0,BATCH-2026-07-074,2028-05-16
1468,74,8,303,0,BATCH-2026-08-074,2028-03-24
1469,74,9,235,0,BATCH-2026-09-074,2027-05-25
1470,74,10,65,0,BATCH-2026-10-074,2028-05-28
1471,74,11,32,0,BATCH-2026-11-074,2027-10-13
1472,74,12,449,0,BATCH-2026-12-074,2027-11-04
1473,74,13,340,0,BATCH-2026-13-074,2028-02-12
1474,74,14,169,0,BATCH-2026-14-074,2027-05-03
1475,74,15,134,0,BATCH-2026-15-074,2028-04-04
1476,74,16,27,0,BATCH-2026-16-074,2027-07-04
1477,74,17,19,0,BATCH-2026-17-074,2027-08-22
1478,74,18,55,0,BATCH-2026-18-074,2027-11-14
1479,74,19,18,0,BATCH-2026-19-074,2027-11-17
1480,74,20,54,0,BATCH-2026-20-074,2028-03-13
1481,75,1,145,0,BATCH-2026-01-075,2027-09-08
1482,75,2,56,0,BATCH-2026-02-075,2027-08-21
1483,75,3,162,0,BATCH-2026-03-075,2028-03-20
1484,75,4,81,0,BATCH-2026-04-075,2028-06-25
1485,75,5,783,0,BATCH-2026-05-075,2027-06-30
1486,75,6,131,0,BATCH-2026-06-075,2027-05-13
1487,75,7,619,0,BATCH-2026-07-075,2027-11-24
1488,75,8,492,0,BATCH-2026-08-075,2027-09-08
1489,75,9,312,0,BATCH-2026-09-075,2027-12-29
1490,75,10,94,0,BATCH-2026-10-075,2028-06-28
1491,75,11,38,0,BATCH-2026-11-075,2028-04-24
1492,75,12,467,0,BATCH-2026-12-075,2027-03-30
1493,75,13,276,0,BATCH-2026-13-075,2027-03-22
1494,75,14,265,0,BATCH-2026-14-075,2027-04-12
1495,75,15,126,0,BATCH-2026-15-075,2028-08-13
1496,75,16,17,0,BATCH-2026-16-075,2028-05-26
1497,75,17,22,0,BATCH-2026-17-075,2027-05-18
1498,75,18,53,0,BATCH-2026-18-075,2027-12-28
1499,75,19,20,0,BATCH-2026-19-075,2027-07-02
1500,75,20,37,0,BATCH-2026-20-075,2027-03-20
1501,76,1,94,0,BATCH-2026-01-076,2028-06-06
1502,76,2,95,0,BATCH-2026-02-076,2028-02-28
1503,76,3,204,0,BATCH-2026-03-076,2027-06-19
1504,76,4,87,0,BATCH-2026-04-076,2028-03-31
1505,76,5,756,0,BATCH-2026-05-076,2027-08-20
1506,76,6,148,0,BATCH-2026-06-076,2027-05-01
1507,76,7,685,0,BATCH-2026-07-076,2027-09-04
1508,76,8,438,0,BATCH-2026-08-076,2027-06-18
1509,76,9,259,0,BATCH-2026-09-076,2028-02-14
1510,76,10,85,0,BATCH-2026-10-076,2028-01-01
1511,76,11,49,0,BATCH-2026-11-076,2027-04-11
1512,76,12,412,0,BATCH-2026-12-076,2027-11-05
1513,76,13,227,0,BATCH-2026-13-076,2028-06-25
1514,76,14,146,0,BATCH-2026-14-076,2028-06-18
1515,76,15,123,0,BATCH-2026-15-076,2028-03-08
1516,76,16,20,0,BATCH-2026-16-076,2028-08-10
1517,76,17,26,0,BATCH-2026-17-076,2027-11-06
1518,76,18,37,0,BATCH-2026-18-076,2027-06-23
1519,76,19,21,0,BATCH-2026-19-076,2028-05-31
1520,76,20,41,0,BATCH-2026-20-076,2028-08-09
1521,77,1,61,0,BATCH-2026-01-077,2028-04-15
1522,77,2,40,0,BATCH-2026-02-077,2027-08-11
1523,77,3,107,0,BATCH-2026-03-077,2027-12-24
1524,77,4,61,0,BATCH-2026-04-077,2028-05-05
1525,77,5,544,0,BATCH-2026-05-077,2028-01-11
1526,77,6,83,0,BATCH-2026-06-077,2028-02-24
1527,77,7,399,0,BATCH-2026-07-077,2028-08-09
1528,77,8,222,0,BATCH-2026-08-077,2028-08-01
1529,77,9,160,0,BATCH-2026-09-077,2027-03-27
1530,77,10,49,0,BATCH-2026-10-077,2027-10-07
1531,77,11,25,0,BATCH-2026-11-077,2028-03-23
1532,77,12,207,0,BATCH-2026-12-077,2027-03-25
1533,77,13,172,0,BATCH-2026-13-077,2028-06-24
1534,77,14,122,0,BATCH-2026-14-077,2028-02-26
1535,77,15,87,0,BATCH-2026-15-077,2028-03-03
1536,77,16,18,0,BATCH-2026-16-077,2028-08-09
1537,77,17,15,0,BATCH-2026-17-077,2027-04-27
1538,77,18,38,0,BATCH-2026-18-077,2027-09-03
1539,77,19,16,0,BATCH-2026-19-077,2028-05-23
1540,77,20,27,0,BATCH-2026-20-077,2028-01-25
1541,78,1,105,0,BATCH-2026-01-078,2027-08-03
1542,78,2,65,0,BATCH-2026-02-078,2027-07-30
1543,78,3,133,0,BATCH-2026-03-078,2027-11-20
1544,78,4,106,0,BATCH-2026-04-078,2028-04-09
1545,78,5,628,0,BATCH-2026-05-078,2028-06-25
1546,78,6,93,0,BATCH-2026-06-078,2027-08-25
1547,78,7,419,0,BATCH-2026-07-078,2028-08-15
1548,78,8,421,0,BATCH-2026-08-078,2028-08-13
1549,78,9,354,0,BATCH-2026-09-078,2028-06-22
1550,78,10,98,0,BATCH-2026-10-078,2028-05-24
1551,78,11,43,0,BATCH-2026-11-078,2027-12-22
1552,78,12,303,0,BATCH-2026-12-078,2028-03-06
1553,78,13,246,0,BATCH-2026-13-078,2027-09-17
1554,78,14,176,0,BATCH-2026-14-078,2027-05-22
1555,78,15,134,0,BATCH-2026-15-078,2027-06-06
1556,78,16,19,0,BATCH-2026-16-078,2027-12-19
1557,78,17,26,0,BATCH-2026-17-078,2028-06-21
1558,78,18,47,0,BATCH-2026-18-078,2027-04-01
1559,78,19,18,0,BATCH-2026-19-078,2027-10-18
1560,78,20,49,0,BATCH-2026-20-078,2028-07-15
1561,79,1,77,0,BATCH-2026-01-079,2027-07-29
1562,79,2,71,0,BATCH-2026-02-079,2028-06-18
1563,79,3,128,0,BATCH-2026-03-079,2028-02-07
1564,79,4,96,0,BATCH-2026-04-079,2028-03-21
1565,79,5,834,0,BATCH-2026-05-079,2027-12-19
1566,79,6,135,0,BATCH-2026-06-079,2027-11-30
1567,79,7,442,0,BATCH-2026-07-079,2028-05-17
1568,79,8,390,0,BATCH-2026-08-079,2028-01-27
1569,79,9,283,0,BATCH-2026-09-079,2027-06-25
1570,79,10,83,0,BATCH-2026-10-079,2027-08-30
1571,79,11,39,0,BATCH-2026-11-079,2028-06-16
1572,79,12,312,0,BATCH-2026-12-079,2027-11-01
1573,79,13,193,0,BATCH-2026-13-079,2028-05-29
1574,79,14,112,0,BATCH-2026-14-079,2027-08-30
1575,79,15,133,0,BATCH-2026-15-079,2028-08-12
1576,79,16,16,0,BATCH-2026-16-079,2027-04-05
1577,79,17,20,0,BATCH-2026-17-079,2027-07-12
1578,79,18,38,0,BATCH-2026-18-079,2027-04-29
1579,79,19,15,0,BATCH-2026-19-079,2028-05-09
1580,79,20,28,0,BATCH-2026-20-079,2027-04-29
1581,80,1,271,0,BATCH-2026-01-080,2028-06-21
1582,80,2,88,0,BATCH-2026-02-080,2027-08-25
1583,80,3,291,0,BATCH-2026-03-080,2028-07-30
1584,80,4,171,0,BATCH-2026-04-080,2027-06-06
1585,80,5,1774,0,BATCH-2026-05-080,2028-07-19
1586,80,6,206,0,BATCH-2026-06-080,2027-12-04
1587,80,7,926,0,BATCH-2026-07-080,2028-01-14
1588,80,8,516,0,BATCH-2026-08-080,2028-03-18
1589,80,9,525,0,BATCH-2026-09-080,2027-07-28
1590,80,10,171,0,BATCH-2026-10-080,2028-02-13
1591,80,11,66,0,BATCH-2026-11-080,2027-04-03
1592,80,12,564,0,BATCH-2026-12-080,2028-04-03
1593,80,13,395,0,BATCH-2026-13-080,2028-05-02
1594,80,14,333,0,BATCH-2026-14-080,2027-08-25
1595,80,15,192,0,BATCH-2026-15-080,2027-12-06
1596,80,16,25,0,BATCH-2026-16-080,2028-02-19
1597,80,17,38,0,BATCH-2026-17-080,2028-04-28
1598,80,18,66,0,BATCH-2026-18-080,2028-03-02
1599,80,19,22,0,BATCH-2026-19-080,2027-06-02
1600,80,20,91,0,BATCH-2026-20-080,2027-11-11
1601,81,1,157,0,BATCH-2026-01-081,2028-08-06
1602,81,2,66,0,BATCH-2026-02-081,2028-06-12
1603,81,3,183,0,BATCH-2026-03-081,2028-04-01
1604,81,4,106,0,BATCH-2026-04-081,2028-01-04
1605,81,5,691,0,BATCH-2026-05-081,2027-03-15
1606,81,6,121,0,BATCH-2026-06-081,2027-08-08
1607,81,7,661,0,BATCH-2026-07-081,2028-03-27
1608,81,8,299,0,BATCH-2026-08-081,2027-05-28
1609,81,9,346,0,BATCH-2026-09-081,2027-06-30
1610,81,10,83,0,BATCH-2026-10-081,2028-07-10
1611,81,11,50,0,BATCH-2026-11-081,2027-12-18
1612,81,12,371,0,BATCH-2026-12-081,2027-06-26
1613,81,13,336,0,BATCH-2026-13-081,2028-07-06
1614,81,14,211,0,BATCH-2026-14-081,2027-10-14
1615,81,15,160,0,BATCH-2026-15-081,2027-07-10
1616,81,16,14,0,BATCH-2026-16-081,2027-08-03
1617,81,17,28,0,BATCH-2026-17-081,2028-07-12
1618,81,18,35,0,BATCH-2026-18-081,2028-06-07
1619,81,19,22,0,BATCH-2026-19-081,2028-02-27
1620,81,20,37,0,BATCH-2026-20-081,2028-03-19
1621,82,1,127,0,BATCH-2026-01-082,2028-07-25
1622,82,2,60,0,BATCH-2026-02-082,2027-12-07
1623,82,3,214,0,BATCH-2026-03-082,2027-10-08
1624,82,4,77,0,BATCH-2026-04-082,2027-07-14
1625,82,5,886,0,BATCH-2026-05-082,2028-03-26
1626,82,6,134,0,BATCH-2026-06-082,2027-12-26
1627,82,7,697,0,BATCH-2026-07-082,2027-04-21
1628,82,8,505,0,BATCH-2026-08-082,2028-06-27
1629,82,9,322,0,BATCH-2026-09-082,2028-04-22
1630,82,10,102,0,BATCH-2026-10-082,2028-08-06
1631,82,11,41,0,BATCH-2026-11-082,2028-01-15
1632,82,12,268,0,BATCH-2026-12-082,2028-05-27
1633,82,13,362,0,BATCH-2026-13-082,2027-05-31
1634,82,14,167,0,BATCH-2026-14-082,2028-01-05
1635,82,15,148,0,BATCH-2026-15-082,2028-01-28
1636,82,16,18,0,BATCH-2026-16-082,2028-06-25
1637,82,17,19,0,BATCH-2026-17-082,2027-11-06
1638,82,18,39,0,BATCH-2026-18-082,2027-03-31
1639,82,19,21,0,BATCH-2026-19-082,2027-10-05
1640,82,20,56,0,BATCH-2026-20-082,2028-04-24
1641,83,1,177,0,BATCH-2026-01-083,2027-04-19
1642,83,2,114,0,BATCH-2026-02-083,2028-07-31
1643,83,3,210,0,BATCH-2026-03-083,2027-06-17
1644,83,4,158,0,BATCH-2026-04-083,2027-09-20
1645,83,5,1485,0,BATCH-2026-05-083,2028-05-20
1646,83,6,174,0,BATCH-2026-06-083,2027-07-20
1647,83,7,530,0,BATCH-2026-07-083,2027-09-30
1648,83,8,473,0,BATCH-2026-08-083,2027-05-11
1649,83,9,346,0,BATCH-2026-09-083,2028-03-10
1650,83,10,102,0,BATCH-2026-10-083,2028-01-18
1651,83,11,66,0,BATCH-2026-11-083,2027-06-06
1652,83,12,483,0,BATCH-2026-12-083,2028-01-17
1653,83,13,465,0,BATCH-2026-13-083,2027-12-26
1654,83,14,243,0,BATCH-2026-14-083,2028-04-20
1655,83,15,238,0,BATCH-2026-15-083,2027-06-23
1656,83,16,19,0,BATCH-2026-16-083,2027-09-10
1657,83,17,22,0,BATCH-2026-17-083,2028-03-07
1658,83,18,74,0,BATCH-2026-18-083,2028-03-25
1659,83,19,16,0,BATCH-2026-19-083,2027-09-06
1660,83,20,52,0,BATCH-2026-20-083,2027-04-24
1661,84,1,119,0,BATCH-2026-01-084,2028-03-07
1662,84,2,74,0,BATCH-2026-02-084,2028-06-25
1663,84,3,234,0,BATCH-2026-03-084,2027-06-23
1664,84,4,115,0,BATCH-2026-04-084,2027-09-12
1665,84,5,1141,0,BATCH-2026-05-084,2027-11-14
1666,84,6,176,0,BATCH-2026-06-084,2028-03-03
1667,84,7,849,0,BATCH-2026-07-084,2027-09-22
1668,84,8,570,0,BATCH-2026-08-084,2027-12-02
1669,84,9,392,0,BATCH-2026-09-084,2028-08-15
1670,84,10,79,0,BATCH-2026-10-084,2027-05-28
1671,84,11,51,0,BATCH-2026-11-084,2027-06-21
1672,84,12,320,0,BATCH-2026-12-084,2028-03-06
1673,84,13,338,0,BATCH-2026-13-084,2027-12-13
1674,84,14,282,0,BATCH-2026-14-084,2028-06-29
1675,84,15,165,0,BATCH-2026-15-084,2027-08-11
1676,84,16,20,0,BATCH-2026-16-084,2027-08-21
1677,84,17,27,0,BATCH-2026-17-084,2027-11-14
1678,84,18,85,0,BATCH-2026-18-084,2027-11-15
1679,84,19,14,0,BATCH-2026-19-084,2028-02-03
1680,84,20,62,0,BATCH-2026-20-084,2027-06-26
1681,85,1,146,0,BATCH-2026-01-085,2027-03-20
1682,85,2,61,0,BATCH-2026-02-085,2027-10-30
1683,85,3,185,0,BATCH-2026-03-085,2027-07-20
1684,85,4,106,0,BATCH-2026-04-085,2028-07-27
1685,85,5,1025,0,BATCH-2026-05-085,2027-07-15
1686,85,6,151,0,BATCH-2026-06-085,2028-07-03
1687,85,7,497,0,BATCH-2026-07-085,2028-01-30
1688,85,8,390,0,BATCH-2026-08-085,2027-07-05
1689,85,9,264,0,BATCH-2026-09-085,2027-11-11
1690,85,10,129,0,BATCH-2026-10-085,2028-02-03
1691,85,11,59,0,BATCH-2026-11-085,2027-12-24
1692,85,12,363,0,BATCH-2026-12-085,2028-06-08
1693,85,13,245,0,BATCH-2026-13-085,2027-12-12
1694,85,14,275,0,BATCH-2026-14-085,2028-05-24
1695,85,15,165,0,BATCH-2026-15-085,2027-06-02
1696,85,16,20,0,BATCH-2026-16-085,2028-03-27
1697,85,17,33,0,BATCH-2026-17-085,2027-11-06
1698,85,18,51,0,BATCH-2026-18-085,2027-11-29
1699,85,19,16,0,BATCH-2026-19-085,2028-03-21
1700,85,20,51,0,BATCH-2026-20-085,2027-05-11
1701,86,1,87,0,BATCH-2026-01-086,2028-02-06
1702,86,2,63,0,BATCH-2026-02-086,2027-09-06
1703,86,3,125,0,BATCH-2026-03-086,2028-05-21
1704,86,4,75,0,BATCH-2026-04-086,2028-07-16
1705,86,5,552,0,BATCH-2026-05-086,2028-05-10
1706,86,6,113,0,BATCH-2026-06-086,2028-02-01
1707,86,7,465,0,BATCH-2026-07-086,2027-12-29
1708,86,8,326,0,BATCH-2026-08-086,2028-06-04
1709,86,9,185,0,BATCH-2026-09-086,2028-05-26
1710,86,10,82,0,BATCH-2026-10-086,2027-08-16
1711,86,11,28,0,BATCH-2026-11-086,2028-05-11
1712,86,12,307,0,BATCH-2026-12-086,2028-03-07
1713,86,13,281,0,BATCH-2026-13-086,2028-03-08
1714,86,14,207,0,BATCH-2026-14-086,2028-05-24
1715,86,15,159,0,BATCH-2026-15-086,2027-04-25
1716,86,16,13,0,BATCH-2026-16-086,2027-12-15
1717,86,17,26,0,BATCH-2026-17-086,2027-06-29
1718,86,18,50,0,BATCH-2026-18-086,2027-08-23
1719,86,19,16,0,BATCH-2026-19-086,2028-04-16
1720,86,20,31,0,BATCH-2026-20-086,2027-07-23
1721,87,1,106,0,BATCH-2026-01-087,2028-06-08
1722,87,2,60,0,BATCH-2026-02-087,2028-05-11
1723,87,3,188,0,BATCH-2026-03-087,2028-02-20
1724,87,4,73,0,BATCH-2026-04-087,2028-01-02
1725,87,5,1084,0,BATCH-2026-05-087,2027-11-11
1726,87,6,98,0,BATCH-2026-06-087,2027-06-15
1727,87,7,514,0,BATCH-2026-07-087,2028-02-11
1728,87,8,355,0,BATCH-2026-08-087,2028-08-03
1729,87,9,356,0,BATCH-2026-09-087,2027-03-19
1730,87,10,96,0,BATCH-2026-10-087,2028-07-04
1731,87,11,35,0,BATCH-2026-11-087,2027-05-30
1732,87,12,378,0,BATCH-2026-12-087,2028-07-27
1733,87,13,282,0,BATCH-2026-13-087,2027-08-20
1734,87,14,181,0,BATCH-2026-14-087,2028-04-05
1735,87,15,173,0,BATCH-2026-15-087,2028-02-10
1736,87,16,14,0,BATCH-2026-16-087,2028-07-31
1737,87,17,21,0,BATCH-2026-17-087,2027-08-18
1738,87,18,40,0,BATCH-2026-18-087,2027-05-06
1739,87,19,16,0,BATCH-2026-19-087,2028-07-17
1740,87,20,42,0,BATCH-2026-20-087,2027-08-04
1741,88,1,138,0,BATCH-2026-01-088,2028-03-01
1742,88,2,61,0,BATCH-2026-02-088,2027-12-23
1743,88,3,164,0,BATCH-2026-03-088,2028-01-31
1744,88,4,87,0,BATCH-2026-04-088,2027-12-21
1745,88,5,783,0,BATCH-2026-05-088,2028-02-25
1746,88,6,113,0,BATCH-2026-06-088,2027-12-22
1747,88,7,749,0,BATCH-2026-07-088,2027-05-27
1748,88,8,287,0,BATCH-2026-08-088,2028-06-21
1749,88,9,278,0,BATCH-2026-09-088,2027-12-04
1750,88,10,91,0,BATCH-2026-10-088,2028-01-07
1751,88,11,40,0,BATCH-2026-11-088,2028-03-19
1752,88,12,484,0,BATCH-2026-12-088,2028-07-24
1753,88,13,321,0,BATCH-2026-13-088,2027-09-08
1754,88,14,254,0,BATCH-2026-14-088,2027-07-22
1755,88,15,186,0,BATCH-2026-15-088,2027-08-24
1756,88,16,15,0,BATCH-2026-16-088,2027-04-21
1757,88,17,15,0,BATCH-2026-17-088,2028-01-11
1758,88,18,62,0,BATCH-2026-18-088,2028-06-25
1759,88,19,24,0,BATCH-2026-19-088,2028-04-18
1760,88,20,43,0,BATCH-2026-20-088,2027-08-05
1761,89,1,204,0,BATCH-2026-01-089,2028-06-03
1762,89,2,91,0,BATCH-2026-02-089,2027-08-24
1763,89,3,227,0,BATCH-2026-03-089,2027-05-24
1764,89,4,169,0,BATCH-2026-04-089,2027-10-06
1765,89,5,1807,0,BATCH-2026-05-089,2028-03-18
1766,89,6,287,0,BATCH-2026-06-089,2027-07-10
1767,89,7,1001,0,BATCH-2026-07-089,2027-03-21
1768,89,8,826,0,BATCH-2026-08-089,2027-12-02
1769,89,9,385,0,BATCH-2026-09-089,2027-04-14
1770,89,10,150,0,BATCH-2026-10-089,2027-03-31
1771,89,11,72,0,BATCH-2026-11-089,2028-02-02
1772,89,12,619,0,BATCH-2026-12-089,2027-07-06
1773,89,13,470,0,BATCH-2026-13-089,2028-04-03
1774,89,14,320,0,BATCH-2026-14-089,2028-07-25
1775,89,15,326,0,BATCH-2026-15-089,2028-02-20
1776,89,16,22,0,BATCH-2026-16-089,2028-06-09
1777,89,17,47,0,BATCH-2026-17-089,2028-05-29
1778,89,18,84,0,BATCH-2026-18-089,2027-11-23
1779,89,19,27,0,BATCH-2026-19-089,2027-05-07
1780,89,20,49,0,BATCH-2026-20-089,2027-10-26
1781,90,1,114,0,BATCH-2026-01-090,2027-11-14
1782,90,2,67,0,BATCH-2026-02-090,2027-11-10
1783,90,3,225,0,BATCH-2026-03-090,2027-12-24
1784,90,4,118,0,BATCH-2026-04-090,2027-06-02
1785,90,5,1028,0,BATCH-2026-05-090,2028-02-28
1786,90,6,164,0,BATCH-2026-06-090,2028-03-28
1787,90,7,821,0,BATCH-2026-07-090,2028-07-08
1788,90,8,396,0,BATCH-2026-08-090,2027-12-23
1789,90,9,409,0,BATCH-2026-09-090,2027-09-20
1790,90,10,102,0,BATCH-2026-10-090,2027-11-23
1791,90,11,51,0,BATCH-2026-11-090,2028-04-13
1792,90,12,310,0,BATCH-2026-12-090,2027-05-15
1793,90,13,335,0,BATCH-2026-13-090,2028-05-20
1794,90,14,214,0,BATCH-2026-14-090,2027-06-06
1795,90,15,166,0,BATCH-2026-15-090,2027-10-12
1796,90,16,15,0,BATCH-2026-16-090,2028-03-24
1797,90,17,36,0,BATCH-2026-17-090,2027-08-17
1798,90,18,37,0,BATCH-2026-18-090,2027-06-12
1799,90,19,22,0,BATCH-2026-19-090,2027-04-24
1800,90,20,37,0,BATCH-2026-20-090,2028-06-19
1801,91,1,103,0,BATCH-2026-01-091,2028-01-18
1802,91,2,76,0,BATCH-2026-02-091,2027-08-12
1803,91,3,131,0,BATCH-2026-03-091,2027-05-09
1804,91,4,96,0,BATCH-2026-04-091,2027-04-23
1805,91,5,986,0,BATCH-2026-05-091,2028-04-02
1806,91,6,113,0,BATCH-2026-06-091,2028-03-31
1807,91,7,463,0,BATCH-2026-07-091,2028-02-26
1808,91,8,311,0,BATCH-2026-08-091,2028-07-14
1809,91,9,323,0,BATCH-2026-09-091,2027-08-17
1810,91,10,74,0,BATCH-2026-10-091,2027-11-21
1811,91,11,33,0,BATCH-2026-11-091,2027-08-18
1812,91,12,425,0,BATCH-2026-12-091,2027-11-01
1813,91,13,321,0,BATCH-2026-13-091,2028-07-26
1814,91,14,225,0,BATCH-2026-14-091,2027-05-18
1815,91,15,124,0,BATCH-2026-15-091,2028-05-10
1816,91,16,15,0,BATCH-2026-16-091,2028-06-12
1817,91,17,18,0,BATCH-2026-17-091,2027-06-06
1818,91,18,67,0,BATCH-2026-18-091,2028-05-10
1819,91,19,18,0,BATCH-2026-19-091,2027-10-19
1820,91,20,61,0,BATCH-2026-20-091,2028-03-21
1821,92,1,387,0,BATCH-2026-01-092,2027-10-19
1822,92,2,164,0,BATCH-2026-02-092,2028-07-14
1823,92,3,531,0,BATCH-2026-03-092,2028-02-10
1824,92,4,198,0,BATCH-2026-04-092,2027-08-08
1825,92,5,2665,0,BATCH-2026-05-092,2027-10-31
1826,92,6,302,0,BATCH-2026-06-092,2028-05-25
1827,92,7,1382,0,BATCH-2026-07-092,2027-11-29
1828,92,8,870,0,BATCH-2026-08-092,2027-05-16
1829,92,9,790,0,BATCH-2026-09-092,2028-02-14
1830,92,10,203,0,BATCH-2026-10-092,2027-08-07
1831,92,11,112,0,BATCH-2026-11-092,2027-12-07
1832,92,12,782,0,BATCH-2026-12-092,2028-06-19
1833,92,13,688,0,BATCH-2026-13-092,2027-09-06
1834,92,14,551,0,BATCH-2026-14-092,2027-04-06
1835,92,15,308,0,BATCH-2026-15-092,2028-04-28
1836,92,16,29,0,BATCH-2026-16-092,2027-03-17
1837,92,17,37,0,BATCH-2026-17-092,2028-05-27
1838,92,18,133,0,BATCH-2026-18-092,2028-01-16
1839,92,19,38,0,BATCH-2026-19-092,2028-03-18
1840,92,20,126,0,BATCH-2026-20-092,2027-03-30
1841,93,1,161,0,BATCH-2026-01-093,2028-02-25
1842,93,2,99,0,BATCH-2026-02-093,2027-08-12
1843,93,3,223,0,BATCH-2026-03-093,2027-09-06
1844,93,4,112,0,BATCH-2026-04-093,2028-03-06
1845,93,5,1280,0,BATCH-2026-05-093,2028-01-11
1846,93,6,213,0,BATCH-2026-06-093,2027-08-14
1847,93,7,922,0,BATCH-2026-07-093,2027-08-21
1848,93,8,542,0,BATCH-2026-08-093,2027-06-16
1849,93,9,482,0,BATCH-2026-09-093,2027-06-17
1850,93,10,84,0,BATCH-2026-10-093,2028-08-09
1851,93,11,63,0,BATCH-2026-11-093,2027-06-26
1852,93,12,472,0,BATCH-2026-12-093,2027-11-29
1853,93,13,379,0,BATCH-2026-13-093,2028-05-21
1854,93,14,260,0,BATCH-2026-14-093,2028-06-01
1855,93,15,153,0,BATCH-2026-15-093,2027-03-28
1856,93,16,18,0,BATCH-2026-16-093,2028-06-24
1857,93,17,19,0,BATCH-2026-17-093,2028-03-30
1858,93,18,68,0,BATCH-2026-18-093,2027-07-18
1859,93,19,16,0,BATCH-2026-19-093,2028-04-14
1860,93,20,59,0,BATCH-2026-20-093,2028-04-18
1861,94,1,124,0,BATCH-2026-01-094,2027-12-14
1862,94,2,90,0,BATCH-2026-02-094,2027-10-26
1863,94,3,186,0,BATCH-2026-03-094,2028-01-12
1864,94,4,141,0,BATCH-2026-04-094,2028-04-19
1865,94,5,1072,0,BATCH-2026-05-094,2028-04-04
1866,94,6,136,0,BATCH-2026-06-094,2028-04-27
1867,94,7,547,0,BATCH-2026-07-094,2027-04-30
1868,94,8,339,0,BATCH-2026-08-094,2027-09-13
1869,94,9,260,0,BATCH-2026-09-094,2027-03-22
1870,94,10,75,0,BATCH-2026-10-094,2027-11-24
1871,94,11,33,0,BATCH-2026-11-094,2028-01-31
1872,94,12,402,0,BATCH-2026-12-094,2028-04-03
1873,94,13,323,0,BATCH-2026-13-094,2027-08-19
1874,94,14,210,0,BATCH-2026-14-094,2027-05-26
1875,94,15,171,0,BATCH-2026-15-094,2027-04-08
1876,94,16,21,0,BATCH-2026-16-094,2028-02-10
1877,94,17,28,0,BATCH-2026-17-094,2027-08-23
1878,94,18,35,0,BATCH-2026-18-094,2028-03-26
1879,94,19,21,0,BATCH-2026-19-094,2028-03-07
1880,94,20,40,0,BATCH-2026-20-094,2028-02-19
1881,95,1,195,0,BATCH-2026-01-095,2027-05-19
1882,95,2,77,0,BATCH-2026-02-095,2027-09-29
1883,95,3,197,0,BATCH-2026-03-095,2027-11-22
1884,95,4,108,0,BATCH-2026-04-095,2027-09-19
1885,95,5,878,0,BATCH-2026-05-095,2027-06-29
1886,95,6,152,0,BATCH-2026-06-095,2028-06-22
1887,95,7,703,0,BATCH-2026-07-095,2027-07-29
1888,95,8,589,0,BATCH-2026-08-095,2028-04-18
1889,95,9,526,0,BATCH-2026-09-095,2027-05-02
1890,95,10,138,0,BATCH-2026-10-095,2028-04-28
1891,95,11,75,0,BATCH-2026-11-095,2028-06-21
1892,95,12,484,0,BATCH-2026-12-095,2027-12-11
1893,95,13,368,0,BATCH-2026-13-095,2027-03-25
1894,95,14,334,0,BATCH-2026-14-095,2027-04-05
1895,95,15,180,0,BATCH-2026-15-095,2027-12-13
1896,95,16,16,0,BATCH-2026-16-095,2027-05-14
1897,95,17,28,0,BATCH-2026-17-095,2027-11-20
1898,95,18,82,0,BATCH-2026-18-095,2027-07-13
1899,95,19,29,0,BATCH-2026-19-095,2028-07-13
1900,95,20,74,0,BATCH-2026-20-095,2028-03-28
1901,96,1,100,0,BATCH-2026-01-096,2028-04-18
1902,96,2,62,0,BATCH-2026-02-096,2028-04-09
1903,96,3,167,0,BATCH-2026-03-096,2027-06-16
1904,96,4,72,0,BATCH-2026-04-096,2028-06-08
1905,96,5,621,0,BATCH-2026-05-096,2027-12-01
1906,96,6,142,0,BATCH-2026-06-096,2028-06-27
1907,96,7,570,0,BATCH-2026-07-096,2027-04-15
1908,96,8,431,0,BATCH-2026-08-096,2027-11-09
1909,96,9,201,0,BATCH-2026-09-096,2028-04-25
1910,96,10,85,0,BATCH-2026-10-096,2028-01-10
1911,96,11,31,0,BATCH-2026-11-096,2028-05-10
1912,96,12,257,0,BATCH-2026-12-096,2027-12-04
1913,96,13,280,0,BATCH-2026-13-096,2028-07-18
1914,96,14,153,0,BATCH-2026-14-096,2028-02-28
1915,96,15,162,0,BATCH-2026-15-096,2027-07-04
1916,96,16,13,0,BATCH-2026-16-096,2027-12-19
1917,96,17,17,0,BATCH-2026-17-096,2027-08-15
1918,96,18,34,0,BATCH-2026-18-096,2027-12-21
1919,96,19,13,0,BATCH-2026-19-096,2028-06-12
1920,96,20,49,0,BATCH-2026-20-096,2028-04-04
1921,97,1,135,0,BATCH-2026-01-097,2028-07-20
1922,97,2,91,0,BATCH-2026-02-097,2027-10-21
1923,97,3,203,0,BATCH-2026-03-097,2027-11-20
1924,97,4,119,0,BATCH-2026-04-097,2027-07-30
1925,97,5,825,0,BATCH-2026-05-097,2028-01-14
1926,97,6,149,0,BATCH-2026-06-097,2027-07-10
1927,97,7,772,0,BATCH-2026-07-097,2027-07-31
1928,97,8,327,0,BATCH-2026-08-097,2028-03-07
1929,97,9,258,0,BATCH-2026-09-097,2028-01-04
1930,97,10,118,0,BATCH-2026-10-097,2028-05-13
1931,97,11,35,0,BATCH-2026-11-097,2027-05-08
1932,97,12,419,0,BATCH-2026-12-097,2027-04-03
1933,97,13,296,0,BATCH-2026-13-097,2027-10-15
1934,97,14,257,0,BATCH-2026-14-097,2027-11-23
1935,97,15,134,0,BATCH-2026-15-097,2028-06-10
1936,97,16,15,0,BATCH-2026-16-097,2027-06-05
1937,97,17,32,0,BATCH-2026-17-097,2028-06-22
1938,97,18,38,0,BATCH-2026-18-097,2027-08-24
1939,97,19,16,0,BATCH-2026-19-097,2027-04-04
1940,97,20,36,0,BATCH-2026-20-097,2028-02-16
1941,98,1,122,0,BATCH-2026-01-098,2028-03-08
1942,98,2,68,0,BATCH-2026-02-098,2028-06-05
1943,98,3,144,0,BATCH-2026-03-098,2028-01-03
1944,98,4,124,0,BATCH-2026-04-098,2027-04-02
1945,98,5,1282,0,BATCH-2026-05-098,2027-09-07
1946,98,6,140,0,BATCH-2026-06-098,2027-06-28
1947,98,7,857,0,BATCH-2026-07-098,2028-05-25
1948,98,8,573,0,BATCH-2026-08-098,2027-05-24
1949,98,9,300,0,BATCH-2026-09-098,2027-09-20
1950,98,10,90,0,BATCH-2026-10-098,2028-06-25
1951,98,11,57,0,BATCH-2026-11-098,2027-12-08
1952,98,12,309,0,BATCH-2026-12-098,2027-08-08
1953,98,13,406,0,BATCH-2026-13-098,2027-07-27
1954,98,14,201,0,BATCH-2026-14-098,2027-05-16
1955,98,15,205,0,BATCH-2026-15-098,2028-03-20
1956,98,16,22,0,BATCH-2026-16-098,2028-05-12
1957,98,17,32,0,BATCH-2026-17-098,2028-06-16
1958,98,18,60,0,BATCH-2026-18-098,2028-04-22
1959,98,19,16,0,BATCH-2026-19-098,2028-03-23
1960,98,20,58,0,BATCH-2026-20-098,2028-02-24
1961,99,1,107,0,BATCH-2026-01-099,2028-03-18
1962,99,2,73,0,BATCH-2026-02-099,2027-11-21
1963,99,3,194,0,BATCH-2026-03-099,2027-03-22
1964,99,4,70,0,BATCH-2026-04-099,2027-10-08
1965,99,5,1071,0,BATCH-2026-05-099,2028-03-22
1966,99,6,103,0,BATCH-2026-06-099,2028-01-06
1967,99,7,735,0,BATCH-2026-07-099,2028-03-30
1968,99,8,338,0,BATCH-2026-08-099,2027-07-02
1969,99,9,306,0,BATCH-2026-09-099,2027-10-06
1970,99,10,105,0,BATCH-2026-10-099,2027-03-30
1971,99,11,51,0,BATCH-2026-11-099,2028-05-29
1972,99,12,409,0,BATCH-2026-12-099,2028-07-13
1973,99,13,191,0,BATCH-2026-13-099,2027-07-04
1974,99,14,147,0,BATCH-2026-14-099,2028-06-22
1975,99,15,170,0,BATCH-2026-15-099,2027-11-09
1976,99,16,19,0,BATCH-2026-16-099,2028-06-28
1977,99,17,13,0,BATCH-2026-17-099,2028-01-11
1978,99,18,58,0,BATCH-2026-18-099,2027-08-06
1979,99,19,16,0,BATCH-2026-19-099,2028-06-25
1980,99,20,33,0,BATCH-2026-20-099,2027-09-02
1981,100,1,132,0,BATCH-2026-01-100,2028-03-17
1982,100,2,77,0,BATCH-2026-02-100,2027-11-03
1983,100,3,223,0,BATCH-2026-03-100,2027-10-30
1984,100,4,140,0,BATCH-2026-04-100,2028-02-14
1985,100,5,1032,0,BATCH-2026-05-100,2028-03-25
1986,100,6,135,0,BATCH-2026-06-100,2027-03-18
1987,100,7,488,0,BATCH-2026-07-100,2027-10-27
1988,100,8,433,0,BATCH-2026-08-100,2028-06-29
1989,100,9,379,0,BATCH-2026-09-100,2027-07-10
1990,100,10,88,0,BATCH-2026-10-100,2027-12-02
1991,100,11,57,0,BATCH-2026-11-100,2027-10-03
1992,100,12,467,0,BATCH-2026-12-100,2028-01-27
1993,100,13,369,0,BATCH-2026-13-100,2027-05-29
1994,100,14,172,0,BATCH-2026-14-100,2027-05-15
1995,100,15,163,0,BATCH-2026-15-100,2027-05-15
1996,100,16,21,0,BATCH-2026-16-100,2027-12-05
1997,100,17,28,0,BATCH-2026-17-100,2028-06-25
1998,100,18,61,0,BATCH-2026-18-100,2028-08-10
1999,100,19,23,0,BATCH-2026-19-100,2027-05-24
2000,100,20,66,0,BATCH-2026-20-100,2028-04-05
